PROVINCE,DIVISION,DISTRICT,SUB DIVISION,AREA (sq.km),ALL SEXES (RURAL),MALE (RURAL),FEMALE (RURAL),TRANSGENDER (RURAL),SEX RATIO (RURAL),AVG HOUSEHOLD SIZE (RURAL),POPULATION 1998 (RURAL),ANNUAL GROWTH RATE (RURAL),ALL SEXES (URBAN),MALE (URBAN),FEMALE (URBAN),TRANSGENDER (URBAN),SEX RATIO (URBAN),AVG HOUSEHOLD SIZE (URBAN),POPULATION 1998 (URBAN),ANNUAL GROWTH RATE (URBAN)
PUNJAB,BAHAWALPUR DIVISION,BAHAWALNAGAR DISTRICT,BAHAWALNAGAR TEHSIL,1729,619550,316864,302644,42,104.7,6.1,407768,2.22,193840,98391,95402,47,103.13,6.02,133785,1.97
PUNJAB,BAHAWALPUR DIVISION,BAHAWALNAGAR DISTRICT,CHISHTIAN TEHSIL,1500,540342,273788,266500,54,102.73,6.15,395983,1.65,149424,75546,73851,27,102.3,6.01,102287,2.01
PUNJAB,BAHAWALPUR DIVISION,BAHAWALNAGAR DISTRICT,FORT ABBAS TEHSIL,2536,361240,182655,178541,44,102.3,6.32,250959,1.93,61528,31360,30150,18,104.01,6,34637,3.06
PUNJAB,BAHAWALPUR DIVISION,BAHAWALNAGAR DISTRICT,HAROONABAD TEHSIL,1295,382115,192278,189808,29,101.3,6.15,297343,1.33,142600,71345,71236,19,100.15,6.02,84424,2.79
PUNJAB,BAHAWALPUR DIVISION,BAHAWALNAGAR DISTRICT,MINCHINABAD TEHSIL,1818,452723,231506,221178,39,104.67,6.29,316593,1.9,72294,36694,35590,10,103.1,6.34,37668,3.48
PUNJAB,BAHAWALPUR DIVISION,BAHAWALPUR DISTRICT,AHMADPUR EAST TEHSIL,1738,902476,461525,440889,62,104.68,6.53,601406,2.16,176110,90003,86081,26,104.56,6.28,116891,2.18
PUNJAB,BAHAWALPUR DIVISION,BAHAWALPUR DISTRICT,BAHAWALPUR CITY TEHSIL,1490,0,0,0,0,0,0,62916,0,682116,350186,331842,88,105.53,5.91,356626,3.47
PUNJAB,BAHAWALPUR DIVISION,BAHAWALPUR DISTRICT,BAHAWALPUR SADDAR TEHSIL,745,467938,239541,228346,51,104.9,6.33,314428,2.11,107948,62009,45927,12,135.02,5.98,72610,2.11
PUNJAB,BAHAWALPUR DIVISION,BAHAWALPUR DISTRICT,HASILPUR TEHSIL,1490,340747,171117,169620,10,100.88,6.03,246218,1.72,115613,57743,57853,17,99.81,6.09,71295,2.57
PUNJAB,BAHAWALPUR DIVISION,BAHAWALPUR DISTRICT,KHAIRPUR TAMEWALI TEHSIL,993,221431,112952,108476,3,104.13,6.22,157049,1.82,41492,20981,20507,4,102.31,5.75,26854,2.31
PUNJAB,BAHAWALPUR DIVISION,BAHAWALPUR DISTRICT,YAZMAN TEHSIL,18374,564422,288761,275612,49,104.77,6.41,385770,2.02,48883,24884,23995,4,103.7,6.18,21028,4.53
PUNJAB,BAHAWALPUR DIVISION,RAHIM YAR KHAN DISTRICT,KHANPUR TEHSIL,3190,749218,382228,366927,63,104.17,7.06,533926,1.8,232867,118442,114373,52,103.56,6.81,149939,2.34
PUNJAB,BAHAWALPUR DIVISION,RAHIM YAR KHAN DISTRICT,LIAQUATPUR TEHSIL,3262,982018,500742,481157,119,104.07,7.02,666127,2.06,51888,26238,25637,13,102.34,6.34,32858,2.43
PUNJAB,BAHAWALPUR DIVISION,RAHIM YAR KHAN DISTRICT,RAHIM YAR KHAN TEHSIL,2464,1045577,536887,508580,110,105.57,6.98,710989,2.05,484606,247388,237127,91,104.33,6.02,274666,3.03
PUNJAB,BAHAWALPUR DIVISION,RAHIM YAR KHAN DISTRICT,SADIQABAD TEHSIL,2964,999966,516640,483247,79,106.91,7.11,613429,2.6,261622,133215,128365,42,103.78,6.44,159119,2.65
PUNJAB,D.G.KHAN DIVISION,DERA GHAZI KHAN DISTRICT,DE-EXCLUDED AREA D.G KHAN,5339,212652,109429,103213,10,106.02,7.35,126198,2.78,0,0,0,0,0,0,0,0
PUNJAB,D.G.KHAN DIVISION,DERA GHAZI KHAN DISTRICT,DERA GHAZI KHAN TEHSIL,2012,827602,410429,417124,49,98.39,9.27,522388,2.45,397362,201554,195775,33,102.95,7.29,190542,3.94
PUNJAB,D.G.KHAN DIVISION,DERA GHAZI KHAN DISTRICT,KOT CHHUTTA TEHSIL,1802,705564,353638,351884,42,100.5,8.86,438306,2.53,51666,25837,25820,9,100.07,9.1,0,0
PUNJAB,D.G.KHAN DIVISION,DERA GHAZI KHAN DISTRICT,TAUNSA TEHSIL,2769,580592,300077,280483,32,106.99,7.29,327387,3.06,97193,50363,46828,2,107.55,6.89,38297,5.01
PUNJAB,D.G.KHAN DIVISION,LAYYAH DISTRICT,CHOUBARA TEHSIL,2754,204169,104011,100150,8,103.86,6.84,161010,1.26,48371,24515,23853,3,102.78,6.77,0,0
PUNJAB,D.G.KHAN DIVISION,LAYYAH DISTRICT,LAYYAH TEHSIL,1712,783612,398960,384606,46,103.73,6.21,485182,2.55,193476,98457,94988,31,103.65,6.21,105860,3.22
PUNJAB,D.G.KHAN DIVISION,MUZAFFARGARH DISTRICT,ALIPUR TEHSIL,1391,595880,307377,288463,40,106.56,6.92,369452,2.54,44504,22504,21994,6,102.32,6.54,28601,2.35
PUNJAB,D.G.KHAN DIVISION,MUZAFFARGARH DISTRICT,JATOI TEHSIL,1010,555795,285241,270521,33,105.44,6.25,393772,1.83,159382,81219,78150,13,103.93,5.95,52774,5.98
PUNJAB,D.G.KHAN DIVISION,MUZAFFARGARH DISTRICT,KOT ADDU TEHSIL,3471,1093354,560409,532894,51,105.16,6.53,688771,2.46,254147,129553,124566,28,104,6.37,119667,4.04
PUNJAB,D.G.KHAN DIVISION,MUZAFFARGARH DISTRICT,MUZAFFARGARH TEHSIL,2377,1385109,711866,673133,110,105.75,6.45,842563,2.65,240378,124916,115424,38,108.22,6.37,140303,2.87
PUNJAB,D.G.KHAN DIVISION,RAJANPUR DISTRICT,DE-EXCLUDED AREA RAJANPUR,5013,34191,18280,15909,2,114.9,6.56,14051,4.78,0,0,0,0,0,0,0,0
PUNJAB,D.G.KHAN DIVISION,RAJANPUR DISTRICT,JAMPUR TEHSIL,2322,739299,377811,361435,53,104.53,7.8,417338,3.05,110090,55953,54121,16,103.39,6.92,67713,2.59
PUNJAB,D.G.KHAN DIVISION,RAJANPUR DISTRICT,RAJANPUR TEHSIL,2078,494109,254955,239095,59,106.63,7.62,314641,2.4,212661,109228,103394,39,105.64,7.17,81312,5.18
PUNJAB,D.G.KHAN DIVISION,RAJANPUR DISTRICT,ROJHAN TEHSIL,2905,391144,204450,186658,36,109.53,6.99,197433,3.66,14545,7487,7056,2,106.11,7.38,11130,1.42
PUNJAB,FAISALABAD DIVISION,CHINIOT DISTRICT,BHAWANA TEHSIL,879,339754,173525,166193,36,104.41,6.26,258757,1.44,34087,17264,16819,4,102.65,6.35,13997,4.79
PUNJAB,FAISALABAD DIVISION,CHINIOT DISTRICT,CHINIOT TEHSIL,709,277268,141800,135447,21,104.69,6.38,210354,1.46,278528,143956,134539,33,107,6.52,172522,2.55
PUNJAB,FAISALABAD DIVISION,CHINIOT DISTRICT,LALIAN TEHSIL,1055,329407,168126,161259,22,104.26,6.09,236830,1.75,109615,54935,54657,23,100.51,5.32,72664,2.18
PUNJAB,FAISALABAD DIVISION,FAISALABAD DISTRICT,CHAK JHUMRA TEHSIL,654,284170,143009,141136,25,101.33,6.57,221695,1.31,48796,24664,24123,9,102.24,6.12,32111,2.22
PUNJAB,FAISALABAD DIVISION,FAISALABAD DISTRICT,FAISALABAD CITY TEHSIL,168,34101,17534,16561,6,105.88,6.33,131485,6.84,3210158,1651684,1558106,368,106.01,6.3,2008861,2.49
PUNJAB,FAISALABAD DIVISION,FAISALABAD DISTRICT,FAISALABAD SADAR TEHSIL,1186,1425154,730729,694280,145,105.25,6.54,900984,2.44,39873,20160,19713,0,102.27,6.56,23126,2.9
PUNJAB,FAISALABAD DIVISION,FAISALABAD DISTRICT,JARANWALA TEHSIL,1811,1267317,651051,616147,119,105.66,6.55,924849,1.67,226606,116758,109810,38,106.33,6.45,136997,2.68
PUNJAB,FAISALABAD DIVISION,FAISALABAD DISTRICT,SAMMUNDRI TEHSIL,754,486176,245494,240637,45,102.02,6.54,453729,0.36,156938,78834,78084,20,100.96,6.39,54908,5.67
PUNJAB,FAISALABAD DIVISION,FAISALABAD DISTRICT,TANDLIAN WALA TEHSIL,1284,618660,316100,302533,27,104.48,6.47,478372,1.36,84495,42915,41554,26,103.28,6.34,62430,1.6
PUNJAB,FAISALABAD DIVISION,JHANG DISTRICT,18-HAZARI TEHSIL,1566,268160,135653,132487,20,102.39,6.12,200036,1.55,27554,14039,13513,2,103.89,6.27,0,0
PUNJAB,FAISALABAD DIVISION,JHANG DISTRICT,AHMADPUR SIAL TEHSIL,851,365900,185430,180440,30,102.77,6.69,250117,2.02,67634,34066,33561,7,101.5,6.52,46348,2.01
PUNJAB,FAISALABAD DIVISION,JHANG DISTRICT,JHANG TEHSIL,2591,1035377,528229,507071,77,104.17,6.26,694457,2.12,429441,219152,210209,80,104.25,6.19,304673,1.82
PUNJAB,FAISALABAD DIVISION,JHANG DISTRICT,SHORKOT TEHSIL,1158,474764,241172,233557,35,103.26,6.64,321004,2.08,73803,37187,36606,10,101.59,5.85,52786,1.78
PUNJAB,FAISALABAD DIVISION,TOBA TEK SINGH DISTRICT,GOJRA TEHSIL,851,482391,242314,240026,51,100.95,6.62,377204,1.3,174831,87132,87664,35,99.39,6.28,117892,2.09
PUNJAB,FAISALABAD DIVISION,TOBA TEK SINGH DISTRICT,KAMALIA TEHSIL,486,236336,119521,116794,21,102.33,6.67,186350,1.26,135674,67973,67672,29,100.44,6.35,97324,1.76
PUNJAB,FAISALABAD DIVISION,TOBA TEK SINGH DISTRICT,PIRMAHAL TEHSIL,774,378026,190292,187703,31,101.38,6.51,258335,2.02,44220,22174,22030,16,100.65,5.81,30257,2.01
PUNJAB,FAISALABAD DIVISION,TOBA TEK SINGH DISTRICT,TOBA TEK SINGH TEHSIL,1141,652771,328034,324693,44,101.03,6.31,494293,1.47,87246,42925,44297,24,96.9,5.91,59938,1.99
PUNJAB,GUJRANWALA DIVISION,GUJRANWALA DISTRICT,GUJRANWALA CITY TEHSIL,131,73890,37904,35977,9,105.36,6.52,20654,6.93,185874,93470,92388,16,101.17,6.74,94468,3.62
PUNJAB,GUJRANWALA DIVISION,GUJRANWALA DISTRICT,GUJRANWALA SADDAR TEHSIL,783,641189,321787,319316,86,100.77,6.74,586535,0.47,2165340,1104898,1060164,278,104.22,6.52,1225602,3.04
PUNJAB,GUJRANWALA DIVISION,GUJRANWALA DISTRICT,KAMOKE TEHSIL,834,330876,167798,163050,28,102.91,7.16,253078,1.42,248814,126412,122342,60,103.33,6.68,152288,2.61
PUNJAB,GUJRANWALA DIVISION,GUJRANWALA DISTRICT,NOWSHERA VIRKAN TEHSIL,678,485434,243677,241716,41,100.81,7.03,390142,1.15,49377,24712,24657,8,100.22,7.1,33940,1.99
PUNJAB,GUJRANWALA DIVISION,GUJRANWALA DISTRICT,WAZIRABAD TEHSIL,1196,530559,260858,269656,45,96.74,6.54,431493,1.09,299713,147474,152191,48,96.9,6.13,212740,1.82
PUNJAB,GUJRANWALA DIVISION,GUJRAT DISTRICT,GUJRAT TEHSIL,1463,954998,458232,496703,63,92.25,6.3,729885,1.42,542708,267839,274804,65,97.47,6.11,363203,2.13
PUNJAB,GUJRANWALA DIVISION,GUJRAT DISTRICT,KHARIAN TEHSIL,1154,781334,368221,413045,68,89.15,6.25,611829,1.29,229928,121978,107945,5,113,6.07,167803,1.67
PUNJAB,GUJRANWALA DIVISION,GUJRAT DISTRICT,SARAI ALAMGIR TEHSIL,575,192457,91893,100549,15,91.39,6.01,138122,1.76,54864,26612,28249,3,94.21,5.81,37166,2.07
PUNJAB,GUJRANWALA DIVISION,HAFIZABAD DISTRICT,HAFIZABAD TEHSIL,1189,400049,200710,199314,25,100.7,6.7,337482,0.9,263867,132881,130957,29,101.47,6.57,147705,3.1
PUNJAB,GUJRANWALA DIVISION,HAFIZABAD DISTRICT,PINDI BHATTIAN TEHSIL,1178,354176,180597,173563,16,104.05,6.46,268383,1.47,138862,70480,68354,28,103.11,6.51,79410,2.98
PUNJAB,GUJRANWALA DIVISION,MANDI BAHAUDDIN DISTRICT,MALAKWAL TEHSIL,759,328748,160746,167980,22,95.69,6.24,250452,1.44,43423,20971,22431,21,93.49,5.77,31258,1.74
PUNJAB,GUJRANWALA DIVISION,MANDI BAHAUDDIN DISTRICT,MANDI BAHAUDDIN TEHSIL,759,451306,217510,233767,29,93.05,6.37,365444,1.11,217232,106393,110779,60,96.04,6.18,113502,3.47
PUNJAB,GUJRANWALA DIVISION,MANDI BAHAUDDIN DISTRICT,PHALIA TEHSIL,1155,487627,237748,249825,54,95.17,6.31,368235,1.49,65703,32420,33274,9,97.43,6.18,31661,3.91
PUNJAB,GUJRANWALA DIVISION,NAROWAL DISTRICT,NAROWAL TEHSIL,1065,460844,230567,230243,34,100.14,7.18,342064,1.58,135695,67681,67987,27,99.55,6.59,83815,2.56
PUNJAB,GUJRANWALA DIVISION,NAROWAL DISTRICT,SHAKARGARH TEHSIL,835,590387,287663,302682,42,95.04,7.2,470108,1.2,81643,39775,41854,14,95.03,6.22,50747,2.53
PUNJAB,GUJRANWALA DIVISION,NAROWAL DISTRICT,ZAFARWAL TEHSIL,437,399687,195066,204588,33,95.35,7.16,298539,1.54,39319,19182,20118,19,95.35,6.62,19824,3.66
PUNJAB,GUJRANWALA DIVISION,SIALKOT DISTRICT,DASKA TEHSIL,690,643101,317238,325790,73,97.37,6.9,482078,1.53,204016,100737,103252,27,97.56,6.76,123357,2.68
PUNJAB,GUJRANWALA DIVISION,SIALKOT DISTRICT,PASRUR TEHSIL,975,719133,351782,367278,73,95.78,6.99,534176,1.57,121714,60280,61407,27,98.16,6.73,77695,2.39
PUNJAB,GUJRANWALA DIVISION,SIALKOT DISTRICT,SAMBRIAL TEHSIL,450,272882,131310,141546,26,92.77,6.61,226030,0.99,137941,66951,70963,27,94.35,6.51,72401,3.44
PUNJAB,GUJRANWALA DIVISION,SIALKOT DISTRICT,SIALKOT TEHSIL,901,1115287,544590,570546,151,95.45,6.7,767868,1.98,680864,348401,332368,95,104.82,6.28,439876,2.32
PUNJAB,LAHORE DIVISION,KASUR DISTRICT,CHUNIAN TEHSIL,1212,663615,341604,321991,20,106.09,6.55,523694,1.25,162708,84636,78042,30,108.45,6.18,60873,5.3
PUNJAB,LAHORE DIVISION,KASUR DISTRICT,KASUR TEHSIL,1493,845004,438789,406176,39,108.03,6.74,575903,2.03,488579,252101,236425,53,106.63,6.35,326889,2.13
PUNJAB,LAHORE DIVISION,KASUR DISTRICT,KOT RADHA KISHAN TEHSIL,398,301629,156736,144879,14,108.18,6.85,193356,2.36,58894,30135,28749,10,104.82,6.32,39555,2.11
PUNJAB,LAHORE DIVISION,KASUR DISTRICT,PATTOKI TEHSIL,892,753853,391493,362322,38,108.05,6.62,519162,1.98,180599,93123,87460,16,106.47,6.42,115074,2.4
PUNJAB,LAHORE DIVISION,LAHORE DISTRICT,LAHORE CANTT TEHSIL,466,0,0,0,0,0,0,182733,100,1632702,857133,775333,236,110.55,6.17,735997,4.27
PUNJAB,LAHORE DIVISION,LAHORE DISTRICT,LAHORE CITY TEHSIL,214,0,0,0,0,0,0,143532,100,3653616,1905921,1746900,795,109.1,6.25,2075867,3.01
PUNJAB,LAHORE DIVISION,LAHORE DISTRICT,MODEL TOWN TEHSIL,353,0,0,0,0,0,0,273036,100,2703569,1421291,1281762,516,110.89,6.11,1136192,4.66
PUNJAB,LAHORE DIVISION,LAHORE DISTRICT,RAIWIND TEHSIL,467,0,0,0,0,0,0,330620,100,848541,448403,400031,107,112.09,6.34,27314,19.78
PUNJAB,LAHORE DIVISION,LAHORE DISTRICT,SHALIMAR TEHSIL,272,0,0,0,0,0,0,201105,100,2281557,1181239,1099956,362,107.39,6.35,1233718,3.28
PUNJAB,LAHORE DIVISION,NANKANA SAHIB DISTRICT,NANKANA SAHIB TEHSIL,1662,773871,396393,377408,70,105.03,6.25,615443,1.21,110135,55703,54411,21,102.37,6.01,68520,2.52
PUNJAB,LAHORE DIVISION,NANKANA SAHIB DISTRICT,SANGLA HILL TEHSIL,223,166106,83320,82774,12,100.66,6.46,137652,0.99,61498,31046,30438,14,102,6.32,50368,1.05
PUNJAB,LAHORE DIVISION,NANKANA SAHIB DISTRICT,SHAH KOT TEHSIL,331,169885,86217,83649,19,103.07,6.27,133619,1.27,73491,37595,35878,18,104.79,6.11,39263,3.35
PUNJAB,LAHORE DIVISION,SHEIKHUPURA DISTRICT,FEROZEWALA TEHSIL,511,510209,265244,244918,47,108.3,6.62,277111,3.26,284280,147335,136897,48,107.62,6.63,118958,4.68
PUNJAB,LAHORE DIVISION,SHEIKHUPURA DISTRICT,MURIDKE TEHSIL,1028,426737,219623,207089,25,106.05,6.82,309073,1.71,212852,108703,104137,12,104.38,6.61,143296,2.1
PUNJAB,LAHORE DIVISION,SHEIKHUPURA DISTRICT,SAFDARABAD TEHSIL,461,218751,111298,107427,26,103.6,6.61,180657,1.01,54056,26908,27136,12,99.16,6.41,47058,0.73
PUNJAB,LAHORE DIVISION,SHEIKHUPURA DISTRICT,SHARAK PUR TEHSIL,375,155574,79914,75654,6,105.63,6.81,122561,1.26,41885,21163,20716,6,102.16,6.11,28186,2.1
PUNJAB,LAHORE DIVISION,SHEIKHUPURA DISTRICT,SHEIKHUPURA TEHSIL,1369,947220,493745,453373,102,108.9,6.66,674097,1.8,608440,312450,295895,95,105.59,6.43,375167,2.57
PUNJAB,MULTAN DIVISION,KHANEWAL DISTRICT,JAHANIAN TEHSIL,549,299779,151053,148708,18,101.58,6.52,224703,1.53,43646,21864,21779,3,100.39,6.18,24871,3
PUNJAB,MULTAN DIVISION,KHANEWAL DISTRICT,KABIRWALA TEHSIL,1804,809002,413527,395406,69,104.58,6.31,565066,1.9,149594,75728,73850,16,102.54,6.34,98812,2.2
PUNJAB,MULTAN DIVISION,KHANEWAL DISTRICT,KHANEWAL TEHSIL,784,585160,297829,287262,69,103.68,6.03,455413,1.33,271097,138280,132777,40,104.14,5.97,151599,3.1
PUNJAB,MULTAN DIVISION,KHANEWAL DISTRICT,MIAN CHANNU TEHSIL,1212,639860,322910,316900,50,101.9,6.22,459047,1.76,122095,61477,60590,28,101.46,6.32,88979,1.68
PUNJAB,MULTAN DIVISION,LODHRAN DISTRICT,DUNYAPUR TEHSIL,889,453663,228308,225323,32,101.32,6.37,320689,1.84,41554,20923,20621,10,101.46,6.2,29513,1.81
PUNJAB,MULTAN DIVISION,LODHRAN DISTRICT,KAHROR PACCA TEHSIL,778,394678,201333,193317,28,104.15,6.28,286458,1.7,106285,54236,52036,13,104.23,5.92,75074,1.84
PUNJAB,MULTAN DIVISION,LODHRAN DISTRICT,LODHRAN TEHSIL,1111,585751,297346,288363,42,103.12,6.68,394565,2.1,117762,59248,58496,18,101.29,6.51,65501,3.13
PUNJAB,MULTAN DIVISION,MULTAN DISTRICT,JALALPUR PIRWALA TEHSIL,978,487518,247132,240350,36,102.82,6.14,332497,2.03,67453,34035,33409,9,101.87,6.05,32219,3.96
PUNJAB,MULTAN DIVISION,MULTAN DISTRICT,MULTAN CITY TEHSIL,304,432114,224005,208071,38,107.66,6.12,303233,1.88,1827001,937027,889763,211,105.31,6.15,1078245,2.81
PUNJAB,MULTAN DIVISION,MULTAN DISTRICT,MULTAN SADDAR TEHSIL,1632,1238708,636150,602391,167,105.6,6.18,803159,2.3,84368,47914,36416,38,131.57,5.6,146875,2.87
PUNJAB,MULTAN DIVISION,MULTAN DISTRICT,SHUJABAD TEHSIL,806,528906,268108,260741,57,102.83,6.37,363214,1.99,80098,40824,39267,7,103.97,6.01,57409,1.77
PUNJAB,MULTAN DIVISION,VEHARI DISTRICT,BUREWALA TEHSIL,1295,787629,397316,390239,74,101.81,6.3,578486,1.63,232030,116541,115451,38,100.94,6.18,152097,2.24
PUNJAB,MULTAN DIVISION,VEHARI DISTRICT,MAILSI TEHSIL,1639,825158,414628,410463,67,101.01,6.27,615886,1.55,128452,64421,64002,29,100.65,6.21,88992,1.95
PUNJAB,MULTAN DIVISION,VEHARI DISTRICT,VEHARI TEHSIL,1430,783165,397067,386033,65,102.86,6.33,560612,1.77,145647,73823,71801,23,102.82,6.19,94343,2.31
PUNJAB,RAWALPINDI DIVISION,ATTOCK DISTRICT,ATTOCK TEHSIL,1002,222710,111968,110735,7,101.11,6.39,143989,2.32,212493,112426,100041,26,112.38,5.91,117840,3.15
PUNJAB,RAWALPINDI DIVISION,ATTOCK DISTRICT,FATEH JANG TEHSIL,1249,259933,129406,130510,17,99.15,6.21,188270,1.71,66500,33250,33241,9,100.03,6.51,25986,5.06
PUNJAB,RAWALPINDI DIVISION,ATTOCK DISTRICT,HASAN ABDAL TEHSIL,350,153891,78008,75882,1,102.8,6.62,97880,2.41,63218,32039,31174,5,102.77,6.65,37976,2.71
PUNJAB,RAWALPINDI DIVISION,ATTOCK DISTRICT,HAZRO TEHSIL,348,284881,140446,144406,29,97.26,6.31,196785,1.96,55308,27569,27736,3,99.4,6.43,42156,1.44
PUNJAB,RAWALPINDI DIVISION,ATTOCK DISTRICT,JAND TEHSIL,2043,247319,117735,129570,14,90.87,5.46,211065,0.84,48194,23084,25104,6,91.95,5.87,17284,5.53
PUNJAB,RAWALPINDI DIVISION,ATTOCK DISTRICT,PINDI GHEB TEHSIL,1865,226736,110514,116212,10,95.1,5.82,165854,1.66,45195,22205,22986,4,96.6,5.91,29850,2.2
PUNJAB,RAWALPINDI DIVISION,CHAKWAL DISTRICT,CHAKWAL TEHSIL,2167,518313,246589,271680,44,90.76,5.54,394992,1.44,138214,68508,69677,29,98.32,5.88,80508,2.88
PUNJAB,RAWALPINDI DIVISION,CHAKWAL DISTRICT,CHOA SAIDAN SHAH TEHSIL,473,119368,58453,60913,2,95.96,5.59,91838,1.39,22574,11431,11137,6,102.64,5.85,13418,2.77
PUNJAB,RAWALPINDI DIVISION,CHAKWAL DISTRICT,KALLAR KAHAR TEHSIL,953,126096,61503,64587,6,95.23,5.24,122548,0.15,43142,22320,20818,4,107.21,5.45,0,0
PUNJAB,RAWALPINDI DIVISION,CHAKWAL DISTRICT,LAWA TEHSIL,910,110175,52857,57314,4,92.22,5.56,95626,0.75,15595,7447,8146,2,91.42,5.35,0,0
PUNJAB,RAWALPINDI DIVISION,CHAKWAL DISTRICT,TALA GANG TEHSIL,2022,337903,162481,175410,12,92.63,5.53,247029,1.66,64083,31589,32484,10,97.24,5.69,37766,2.82
PUNJAB,RAWALPINDI DIVISION,JHELUM DISTRICT,DINA TEHSIL,678,165222,79799,85412,11,93.43,6.03,130735,1.24,73243,39099,34128,16,114.57,5.92,52638,1.75
PUNJAB,RAWALPINDI DIVISION,JHELUM DISTRICT,JHELUM TEHSIL,586,254761,123856,130876,29,94.64,6.01,186177,1.66,190471,97586,92853,32,105.1,5.71,147392,1.36
PUNJAB,RAWALPINDI DIVISION,JHELUM DISTRICT,PIND DADAN KHAN TEHSIL,1176,272443,131941,140479,23,93.92,5.84,217023,1.2,64398,32470,31925,3,101.71,5.78,46592,1.71
PUNJAB,RAWALPINDI DIVISION,JHELUM DISTRICT,SOHAWA TEHSIL,1147,175680,83879,91783,18,91.39,5.8,143692,1.06,26185,12776,13406,3,95.3,6,12708,3.87
PUNJAB,RAWALPINDI DIVISION,RAWALPINDI DISTRICT,GUJAR KHAN TEHSIL,1457,566018,271415,294558,45,92.14,6.07,426860,1.49,112044,55583,56425,36,98.51,6.28,67150,2.73
PUNJAB,RAWALPINDI DIVISION,RAWALPINDI DISTRICT,KAHUTA TEHSIL,637,160136,77653,82475,8,94.15,5.84,134512,0.92,60610,30350,30258,2,100.3,5.79,19207,6.22
PUNJAB,RAWALPINDI DIVISION,RAWALPINDI DISTRICT,KALLAR SAYADDAN TEHSIL,459,162822,77771,85038,13,91.45,5.98,158120,0.15,54239,25965,28266,8,91.86,6.17,0,0
PUNJAB,RAWALPINDI DIVISION,RAWALPINDI DISTRICT,KOTLI SATTIAN TEHSIL,304,96894,48976,47907,11,102.23,4.97,82711,0.83,22401,11324,11073,4,102.27,4.75,0,0
PUNJAB,RAWALPINDI DIVISION,RAWALPINDI DISTRICT,MURREE TEHSIL,434,75974,37829,38140,5,99.18,5.63,155224,3.68,157043,81688,75336,19,108.43,5.62,21375,11.05
PUNJAB,RAWALPINDI DIVISION,RAWALPINDI DISTRICT,RAWALPINDI TEHSIL,1682,1158817,590102,568568,147,103.79,6.03,517844,4.32,2097824,1081915,1015201,708,106.57,6.08,1409768,2.11
PUNJAB,RAWALPINDI DIVISION,RAWALPINDI DISTRICT,TAXILA TEHSIL,312,176011,89204,86787,20,102.78,6.62,100367,2.99,501547,256405,245057,85,104.63,5.93,270773,3.29
PUNJAB,SAHIWAL DIVISION,OKARA DISTRICT,DEPALPUR TEHSIL,2502,1033260,531297,501909,54,105.86,6.09,821089,1.21,342525,174814,167651,60,104.27,6.07,209747,2.61
PUNJAB,SAHIWAL DIVISION,OKARA DISTRICT,OKARA TEHSIL,1241,760440,389598,370807,35,105.07,6.4,590040,1.34,445879,235330,210456,93,111.82,6.31,272324,2.62
PUNJAB,SAHIWAL DIVISION,OKARA DISTRICT,RENALA KHURD TEHSIL,634,404562,206263,198263,36,104.04,5.85,307455,1.45,54160,27168,26985,7,100.68,5.91,32337,2.75
PUNJAB,SAHIWAL DIVISION,PAKPATTAN DISTRICT,ARIF WALA TEHSIL,1241,742723,376782,365885,56,102.98,5.89,528922,1.8,112306,56800,55455,51,102.43,5.97,74174,2.2
PUNJAB,SAHIWAL DIVISION,PAKPATTAN DISTRICT,PAKPATTAN TEHSIL,1483,792513,404804,387632,77,104.43,6.06,574551,1.7,176686,89724,86927,35,103.22,5.84,109033,2.57
PUNJAB,SAHIWAL DIVISION,SAHIWAL DISTRICT,CHICHAWATNI TEHSIL,1591,929447,467889,461454,104,101.39,6.36,714341,1.39,94733,47578,47142,13,100.92,6.1,72721,1.4
PUNJAB,SAHIWAL DIVISION,SAHIWAL DISTRICT,SAHIWAL TEHSIL,1610,1067880,547112,520686,82,105.08,6.45,826863,1.35,420951,214067,206837,47,103.5,6.17,229269,3.24
PUNJAB,SARGODHA DIVISION,BHAKKAR DISTRICT,BHAKKAR TEHSIL,2427,571132,291631,279474,27,104.35,6.31,355592,2.52,112807,58034,54760,13,105.98,6.32,68896,2.62
PUNJAB,SARGODHA DIVISION,BHAKKAR DISTRICT,DARYA KHAN TEHSIL,1719,280006,143823,136163,20,105.63,5.94,178775,2.39,80421,41346,39060,15,105.85,5.65,54635,2.05
PUNJAB,SARGODHA DIVISION,BHAKKAR DISTRICT,KALUR KOT TEHSIL,2239,294310,150395,143876,39,104.53,6.14,187751,2.39,52281,26584,25694,3,103.46,6.58,35925,1.99
PUNJAB,SARGODHA DIVISION,BHAKKAR DISTRICT,MANKERA TEHSIL,1768,242750,124063,118680,7,104.54,5.89,160664,2.19,14145,7180,6962,3,103.13,5.79,9218,2.28
PUNJAB,SARGODHA DIVISION,KHUSHAB DISTRICT,KHUSHAB TEHSIL,2115,392143,195124,197004,15,99.05,6.14,287146,1.65,298014,149700,148273,41,100.96,6.06,192963,2.31
PUNJAB,SARGODHA DIVISION,KHUSHAB DISTRICT,NOORPUR TEHSIL,2500,223051,111905,111123,23,100.7,5.92,159592,1.77,19780,9995,9780,5,102.2,5.67,15091,1.43
PUNJAB,SARGODHA DIVISION,KHUSHAB DISTRICT,NOWSHERA TEHSIL,816,103603,49598,53999,6,91.85,5.8,78970,1.44,13753,6581,7171,1,91.77,5.35,8952,2.28
PUNJAB,SARGODHA DIVISION,KHUSHAB DISTRICT,QUAIDABAD TEHSIL,1080,208615,103786,104816,13,99.02,6.29,151034,1.71,21413,10785,10625,3,101.51,6.24,11963,3.11
PUNJAB,SARGODHA DIVISION,MIANWALI DISTRICT,ISAKHEL TEHSIL,1863,289633,141575,148045,13,95.63,6.84,212529,1.64,84561,41802,42747,12,97.79,6.52,43968,3.5
PUNJAB,SARGODHA DIVISION,MIANWALI DISTRICT,MIANWALI TEHSIL,2689,618946,309003,309905,38,99.71,6.26,429435,1.94,147411,75781,71602,28,105.84,6.04,102721,1.92
PUNJAB,SARGODHA DIVISION,MIANWALI DISTRICT,PIPLAN TEHSIL,1288,306210,155412,150768,30,103.08,6.46,194646,2.41,95840,48396,47435,9,102.03,6.41,73321,1.42
PUNJAB,SARGODHA DIVISION,SARGODHA DISTRICT,BHALWAL TEHSIL,663,234249,117608,116627,14,100.84,5.62,177095,1.48,121957,61417,60521,19,101.48,5.49,77637,2.4
PUNJAB,SARGODHA DIVISION,SARGODHA DISTRICT,BHERA TEHSIL,504,254416,126458,127941,17,98.84,5.89,181739,1.78,59953,30135,29805,13,101.11,5.92,44626,1.56
PUNJAB,SARGODHA DIVISION,SARGODHA DISTRICT,KOT MOMIN TEHSIL,948,386479,196994,189454,31,103.98,6.45,294224,1.44,65499,33253,32226,20,103.19,6.22,44566,2.04
PUNJAB,SARGODHA DIVISION,SARGODHA DISTRICT,SARGODHA TEHSIL,1536,876944,445798,431062,84,103.42,6.28,623019,1.81,658208,333705,324361,142,102.88,6.18,458440,1.92
PUNJAB,SARGODHA DIVISION,SARGODHA DISTRICT,SHAHPUR TEHSIL,769,284663,142231,142423,9,99.87,5.94,211557,1.57,68662,35088,33567,7,104.53,5.97,51190,1.55
PUNJAB,SARGODHA DIVISION,SARGODHA DISTRICT,SILLANWALI TEHSIL,607,306768,155014,151727,27,102.17,6.69,231205,1.5,37719,19057,18657,5,102.14,6.19,23076,2.62
SINDH,Badin Division,BADIN DISTRICT,BADIN TALUKA,1816,322957,166841,156079,37,106.9,4.91,220598,2.02,131619,67672,63924,23,105.86,5,68661,3.48
SINDH,Badin Division,BADIN DISTRICT,GOLARCHI (S.F.RAHU) TALUKA,1642,281087,145296,135779,12,107.01,5.24,163664,2.88,53353,27625,25711,17,107.44,5.26,19027,5.57
SINDH,Badin Division,BADIN DISTRICT,MATLI TALUKA,1143,346413,178283,168105,25,106.05,5.06,226306,2.26,98287,50438,47823,26,105.47,5.4,56967,2.91
SINDH,Badin Division,BADIN DISTRICT,TALHAR TALUKA,569,123329,63538,59783,8,106.28,4.82,84883,1.98,48685,24858,23819,8,104.36,4.83,23019,4.01
SINDH,Badin Division,BADIN DISTRICT,TANDO BAGO TALUKA,1688,340828,176436,164367,25,107.34,4.82,224333,2.22,58400,30190,28199,11,107.06,4.75,18814,6.13
SINDH,Hyderabad Division,DADU DISTRICT,DADU TALUKA,846,279085,144024,135048,13,106.65,5.34,218515,1.29,182580,93729,88831,20,105.51,5.48,109457,2.72
SINDH,Hyderabad Division,DADU DISTRICT,JOHI TALUKA,3509,265358,136451,128864,43,105.89,5.09,189386,1.79,29031,14693,14330,8,102.53,5.19,17997,2.54
SINDH,Hyderabad Division,DADU DISTRICT,KHAIRPUR NATHAN SHAH TALUKA,2583,262064,134109,127898,57,104.86,5.41,203317,1.34,72413,37356,35054,3,106.57,5.36,49992,1.97
SINDH,Hyderabad Division,DADU DISTRICT,MEHAR TALUKA,928,360477,184536,175895,46,104.91,5.53,266365,1.6,99382,50802,48560,20,104.62,5.66,51688,3.49
SINDH,Hyderabad Division,HYDERABAD DISTRICT,HYDERABAD CITY TALUKA,43,0,0,0,0,0,0,7696,0,725153,377362,347701,90,108.53,5.03,517603,1.79
SINDH,Hyderabad Division,HYDERABAD DISTRICT,HYDERABAD TALUKA,711,373410,193286,180086,38,107.33,5.1,263986,1.84,92896,48603,44283,10,109.76,5.14,26446,6.82
SINDH,Hyderabad Division,HYDERABAD DISTRICT,LATIFABAD TALUKA,204,0,0,0,0,0,0,17717,0,703690,365533,338011,146,108.14,4.91,546044,1.34
SINDH,Hyderabad Division,HYDERABAD DISTRICT,QASIMABAD TALUKA,35,0,0,0,0,0,0,12127,0,304779,160432,144326,21,111.16,5.03,103247,5.85
SINDH,Hyderabad Division,JAMSHORO DISTRICT,KOTRI TALUKA,1051,145932,78348,67565,19,115.96,5.48,145489,0.02,292131,153194,138878,59,110.31,5.76,62085,8.48
SINDH,Hyderabad Division,JAMSHORO DISTRICT,MANJHAND TALUKA,2303,119570,62415,57150,5,109.21,5.24,92426,1.36,21196,10882,10314,0,105.51,5.07,7679,5.48
SINDH,Hyderabad Division,JAMSHORO DISTRICT,SEHWAN TALUKA,2160,165467,85449,80007,11,106.8,4.97,121425,1.64,104350,54116,50207,27,107.79,5.07,49164,4.03
SINDH,Hyderabad Division,JAMSHORO DISTRICT,THANO BULA KHAN TALUKA,5690,130318,70918,59391,9,119.41,5.41,91126,1.9,14944,7747,7190,7,107.75,5.85,12700,0.86
SINDH,Hyderabad Division,MATIARI DISTRICT,HALA TALUKA,488,144167,74227,69933,7,106.14,5.84,104921,1.68,118472,61267,57194,11,107.12,5.69,57060,3.91
SINDH,Hyderabad Division,MATIARI DISTRICT,MATIARI TALUKA,568,297950,153639,144272,39,106.49,5.15,188997,2.42,43160,22346,20808,6,107.39,5.12,29068,2.1
SINDH,Hyderabad Division,MATIARI DISTRICT,SAEEDABAD TALUKA,361,145254,74611,70629,14,105.64,5.08,100466,1.96,21037,10832,10205,0,106.14,5.74,13732,2.27
SINDH,Hyderabad Division,SUJAWAL DISTRICT,JATI TALUKA,3489,189707,98600,91083,24,108.25,5.07,116175,2.61,12161,6253,5906,2,105.88,5.16,7782,2.37
SINDH,Hyderabad Division,SUJAWAL DISTRICT,MIRPUR BATHORO TALUKA,698,190520,99141,91353,26,108.53,5.12,135349,1.81,0,0,0,0,0,0,0,0
SINDH,Hyderabad Division,SUJAWAL DISTRICT,SHAH BUNDER TALUKA,3074,142021,74057,67943,21,109,5.08,87174,2.6,20300,10378,9916,6,104.66,4.94,16566,1.07
SINDH,Hyderabad Division,SUJAWAL DISTRICT,SUJAWAL TALUKA,746,161083,83675,77389,19,108.12,5,104013,2.32,17727,9209,8514,4,108.16,5.52,13401,1.48
SINDH,Hyderabad Division,SUJAWAL DISTRICT,CHAMBER TALUKA,483,174017,89467,84533,17,105.84,5.01,114871,2.21,35308,18126,17174,8,105.54,5.06,23286,2.21
SINDH,Hyderabad Division,TANDO ALLAHYAR DISTRICT,JHANDO MARI TALUKA,626,223171,115059,108080,32,106.46,4.96,141913,2.41,36185,18623,17559,3,106.06,4.97,10687,6.62
SINDH,Hyderabad Division,TANDO ALLAHYAR DISTRICT,TANDO ALLAHYAR TALUKA,445,173240,89782,83435,23,107.61,5.12,130486,1.5,17999,9319,8680,0,107.36,4.87,0,0
SINDH,Hyderabad Division,TANDO ALLAHYAR DISTRICT,BULRI SHAH KARIM TALUKA,770,230630,118786,111822,22,106.23,5.12,153434,2.16,213915,110447,103422,46,106.79,5.11,95569,4.32
SINDH,Hyderabad Division,TANDO MUHAMMAD KHAN DISTRICT,TANDO GHULAM HYDER TALUKA,390,150895,77411,73465,19,105.37,5.24,114751,1.45,6381,3292,3087,2,106.64,5.25,4249,2.16
SINDH,Hyderabad Division,TANDO MUHAMMAD KHAN DISTRICT,TANDO MUHAMMAD KHAN TALUKA,263,153536,79437,74070,29,107.25,5.04,100794,2.24,33788,17668,16120,0,109.6,5.64,0,0
SINDH,Hyderabad Division,TANDO MUHAMMAD KHAN DISTRICT,GHORABARI TALUKA,1018,150844,78542,72297,5,108.64,5.27,105482,1.9,101868,52528,49324,16,106.5,4.96,65396,2.36
SINDH,Hyderabad Division,THATTA DISTRICT,KETI BUNDER TALUKA,771,55429,29066,26363,0,110.25,5.13,38897,1.88,23202,11982,11217,3,106.82,5.26,0,0
SINDH,Hyderabad Division,THATTA DISTRICT,MIRPUR SAKRO TALUKA,2958,294561,153190,141363,8,108.37,5.29,175176,2.77,4270,2201,2068,1,106.43,4.73,2513,2.82
SINDH,Hyderabad Division,THATTA DISTRICT,THATTA TALUKA,3823,304828,158445,146379,4,108.24,5.4,216233,1.82,47128,24458,22665,5,107.91,5.48,23676,3.68
SINDH,Hyderabad Division,THATTA DISTRICT,GULBERG TEHSIL,14,0,0,0,0,0,0,0,0,101876,52259,49606,11,105.35,5.67,37515,5.39
SINDH,Karachi Division,KARACHI CENTRAL DISTRICT,LIAQUATABAD TEHSIL,6,0,0,0,0,0,0,0,0,496094,257941,238090,63,108.34,5.12,423517,0.83
SINDH,Karachi Division,KARACHI CENTRAL DISTRICT,NAZIMABAD TEHSIL,8,0,0,0,0,0,0,0,0,449098,233469,215513,116,108.33,5.28,388078,0.77
SINDH,Karachi Division,KARACHI CENTRAL DISTRICT,NEW KARACHI TEHSIL,18,0,0,0,0,0,0,0,0,446347,233024,213259,64,109.27,5.43,366081,1.05
SINDH,Karachi Division,KARACHI CENTRAL DISTRICT,NORTH NAZIMABAD TEHSIL,23,0,0,0,0,0,0,0,0,871245,452843,418282,120,108.26,5.81,580472,2.16
SINDH,Karachi Division,KARACHI CENTRAL DISTRICT,FEROZABAD TEHSIL,20,0,0,0,0,0,0,0,0,708598,364751,343716,131,106.12,5.53,530923,1.53
SINDH,Karachi Division,KARACHI EAST DISTRICT,GULSHAN-E-IQBAL TEHSIL,29,0,0,0,0,0,0,0,0,761631,401237,360249,145,111.38,5.33,521369,2.01
SINDH,Karachi Division,KARACHI EAST DISTRICT,GULZAR-E-HIJRI TEHSIL,79,0,0,0,0,0,0,0,0,841800,433347,408298,155,106.13,5.33,415380,3.78
SINDH,Karachi Division,KARACHI EAST DISTRICT,JAMSHED QUARTERS TEHSIL,11,0,0,0,0,0,0,0,0,792451,421544,370756,151,113.7,6.56,130066,9.96
SINDH,Karachi Division,KARACHI EAST DISTRICT,ARAM BAGH TEHSIL,4,0,0,0,0,0,0,0,0,479433,250660,228699,74,109.6,5.42,380714,1.22
SINDH,Karachi Division,KARACHI SOUTH DISTRICT,CIVIL LINES TEHSIL,73,0,0,0,0,0,0,0,0,128313,69314,58990,9,117.5,4.99,137742,0.37
SINDH,Karachi Division,KARACHI SOUTH DISTRICT,GARDEN TEHSIL,4,0,0,0,0,0,0,0,0,473119,255640,217438,41,117.57,5.24,281590,2.76
SINDH,Karachi Division,KARACHI SOUTH DISTRICT,LYARI TEHSIL,6,0,0,0,0,0,0,0,0,363967,188988,174945,34,108.03,5.32,325716,0.59
SINDH,Karachi Division,KARACHI SOUTH DISTRICT,SADDAR TEHSIL,35,0,0,0,0,0,0,0,0,661926,341179,320658,89,106.4,5.81,594966,0.56
SINDH,Karachi Division,KARACHI SOUTH DISTRICT,BALDIA TEHSIL,34,0,0,0,0,0,0,99,0,141905,75570,66318,17,113.95,5.21,128565,0.52
SINDH,Karachi Division,KARACHI WEST DISTRICT,HARBOUR TEHSIL,50,0,0,0,0,0,0,0,0,832583,434973,397480,130,109.43,6.4,402463,3.89
SINDH,Karachi Division,KARACHI WEST DISTRICT,MANGHOPIR TEHSIL,342,160904,84561,76340,3,110.77,6.84,121426,1.49,401115,214204,186863,48,114.63,5.95,222106,3.16
SINDH,Karachi Division,KARACHI WEST DISTRICT,MAURIPUR TEHSIL,450,121954,64142,57799,13,110.97,5.86,38055,6.31,550332,287384,262911,37,109.31,6.1,0,0
SINDH,Karachi Division,KARACHI WEST DISTRICT,MOMINABAD TEHSIL,19,0,0,0,0,0,0,0,0,70611,38030,32578,3,116.74,6.39,35879,3.62
SINDH,Karachi Division,KARACHI WEST DISTRICT,ORANGI TEHSIL,9,0,0,0,0,0,0,23514,0,845797,438296,407422,79,107.58,5.78,637407,1.5
SINDH,Karachi Division,KARACHI WEST DISTRICT,SITE TEHSIL,25,0,0,0,0,0,0,0,0,520195,271646,248524,25,109.3,6.29,319177,2.6
SINDH,Karachi Division,KARACHI WEST DISTRICT,KORANGI TEHSIL,59,0,0,0,0,0,0,0,0,403574,222883,180663,28,123.37,6.23,327639,1.1
SINDH,Karachi Division,KORANGI DISTRICT,LANDHI TEHSIL,19,0,0,0,0,0,0,0,0,1126141,594709,531253,179,111.94,6.05,529837,4.04
SINDH,Karachi Division,KORANGI DISTRICT,MODEL COLONY TEHSIL,9,0,0,0,0,0,0,0,0,546196,283476,262645,75,107.93,5.86,428937,1.28
SINDH,Karachi Division,KORANGI DISTRICT,SHAH FAISAL TEHSIL,21,0,0,0,0,0,0,0,0,384389,197401,186906,82,105.62,5.4,262199,2.03
SINDH,Karachi Division,KORANGI DISTRICT,AIRPORT TEHSIL,41,0,0,0,0,0,0,0,0,520830,271575,249095,160,109.02,5.52,387636,1.56
SINDH,Karachi Division,MALIR DISTRICT,BIN QASIM TEHSIL,447,248098,132391,115668,39,114.46,5.92,108045,4.47,195143,104861,90264,18,116.17,5.84,73928,5.23
SINDH,Karachi Division,MALIR DISTRICT,GADAP TEHSIL,1104,64153,34756,29396,1,118.23,4.58,35883,3.1,0,0,0,0,0,0,0,0
SINDH,Karachi Division,MALIR DISTRICT,IBRAHIM HYDRI TEHSIL,97,385776,203681,182077,18,111.87,6.18,105192,7.07,0,0,0,0,0,0,0,0
SINDH,Karachi Division,MALIR DISTRICT,MURAD MEMON TEHSIL,195,129761,69080,60679,2,113.84,5.05,67647,3.48,670004,363324,306620,60,118.49,6.4,371603,3.15
SINDH,Karachi Division,MALIR DISTRICT,SHAH MUREED TEHSIL,276,29846,15699,14147,0,110.97,4.49,17434,2.87,201565,105073,96478,14,108.91,5.2,135033,2.13
SINDH,Larkana Division,JACOBABAD DISTRICT,GARHI KHAIRO TALUKA,733,146400,74255,72130,15,102.95,5.6,105642,1.73,12619,6320,6299,0,100.33,5.24,11565,0.46
SINDH,Larkana Division,JACOBABAD DISTRICT,JACOBABAD TALUKA,664,191480,98075,93381,24,105.03,5.95,129218,2.09,191098,97597,93437,64,104.45,5.72,138780,1.69
SINDH,Larkana Division,JACOBABAD DISTRICT,THUL TALUKA,1301,371911,190691,181181,39,105.25,5.48,312860,0.91,93501,47848,45633,20,104.85,5.48,29125,6.32
SINDH,Larkana Division,KAMBAR SHAHDAD KOT DISTRICT,KAMBAR ALI KHAN TALUKA,2260,292404,149000,143364,40,103.93,6.33,210565,1.74,100970,51678,49270,22,104.89,5.96,58369,2.92
SINDH,Larkana Division,KAMBAR SHAHDAD KOT DISTRICT,MIRO KHAN TALUKA,374,115622,58917,56690,15,103.93,5.92,89891,1.33,42312,21662,20644,6,104.93,5.98,8891,8.54
SINDH,Larkana Division,KAMBAR SHAHDAD KOT DISTRICT,NASIRABAD TALUKA,309,113591,57725,55848,18,103.36,6.07,90302,1.21,37819,19209,18608,2,103.23,5.89,23477,2.54
SINDH,Larkana Division,KAMBAR SHAHDAD KOT DISTRICT,QUBO SAEED KHAN TALUKA,1033,58144,29585,28554,5,103.61,6.08,63706,0.48,27623,14028,13592,3,103.21,5.76,0,0
SINDH,Larkana Division,KAMBAR SHAHDAD KOT DISTRICT,SHAHDAD KOT TALUKA,419,83629,42166,41451,12,101.72,6.19,66183,1.24,118935,60367,58552,16,103.1,6.02,60436,3.62
SINDH,Larkana Division,KAMBAR SHAHDAD KOT DISTRICT,SUJAWAL JUNEJO TALUKA,385,117467,59729,57723,15,103.48,6.28,83026,1.84,0,0,0,0,0,0,0,0
SINDH,Larkana Division,KAMBAR SHAHDAD KOT DISTRICT,WARAH TALUKA,695,160375,81454,78904,17,103.23,5.85,153672,0.22,69144,35047,34090,7,102.81,5.44,15776,8.07
SINDH,Larkana Division,KASHMORE DISTRICT,KANDHKOT TALUKA,654,229942,119612,110303,27,108.44,5.48,124800,3.26,136169,70458,65695,16,107.25,5.56,92647,2.04
SINDH,Larkana Division,KASHMORE DISTRICT,KASHMORE TALUKA,1262,343986,177490,166468,28,106.62,6.2,208925,2.65,90980,47172,43786,22,107.73,5.95,59974,2.21
SINDH,Larkana Division,KASHMORE DISTRICT,TANGWANI TALUKA,664,262749,136330,126398,21,107.86,5.89,175474,2.14,26510,13601,12908,1,105.37,5.62,15300,2.93
SINDH,Larkana Division,LARKANA DISTRICT,BAKRANI TALUKA,425,196995,100437,96535,23,104.04,5.67,166025,0.9,32205,16274,15925,6,102.19,5.77,5788,9.44
SINDH,Larkana Division,LARKANA DISTRICT,DOKRI TALUKA,412,162757,83175,79568,14,104.53,5.86,123408,1.46,62202,31491,30707,4,102.55,5.74,45625,1.64
SINDH,Larkana Division,LARKANA DISTRICT,LARKANA TALUKA,549,247204,126010,121161,33,104,5.94,164270,2.17,488006,249599,238230,177,104.77,5.69,270283,3.15
SINDH,Larkana Division,LARKANA DISTRICT,RATODERO TALUKA,562,215932,109819,106068,45,103.54,5.75,157842,1.66,116485,59129,57336,20,103.13,6.06,68367,2.84
SINDH,Larkana Division,SHIKARPUR DISTRICT,GARHI YASIN TALUKA,971,280636,143920,136699,17,105.28,5.96,202962,1.72,35937,18433,17499,5,105.34,5.93,25004,1.92
SINDH,Larkana Division,SHIKARPUR DISTRICT,KHANPUR TALUKA,629,251221,131793,119414,14,110.37,6.35,173075,1.98,24919,12790,12126,3,105.48,5.78,18606,1.55
SINDH,Larkana Division,SHIKARPUR DISTRICT,LAKHI TALUKA,351,201329,102838,98487,4,104.42,5.8,154812,1.39,47427,24345,23080,2,105.48,5.65,33486,1.85
SINDH,Larkana Division,SHIKARPUR DISTRICT,SHIKARPUR TALUKA,561,196133,100919,95206,8,106,5.67,137610,1.88,196158,100520,95619,19,105.13,5.97,134883,1.99
SINDH,Mirpurkhas Division,MIRPUR KHAS DISTRICT,DIGRI TALUKA,572,140304,72370,67918,16,106.55,5.29,106626,1.45,73713,37944,35761,8,106.1,5.53,40646,3.18
SINDH,Mirpurkhas Division,MIRPUR KHAS DISTRICT,HUSSAIN BUX MARI TALUKA,209,150226,77693,72506,27,107.15,5.21,83219,3.15,0,0,0,0,0,0,0,0
SINDH,Mirpurkhas Division,MIRPUR KHAS DISTRICT,JHUDO TALUKA,363,142462,73721,68732,9,107.26,5.04,103811,1.68,59388,30781,28598,9,107.63,5.43,42202,1.81
SINDH,Mirpurkhas Division,MIRPUR KHAS DISTRICT,KOT GHULAM MUHAMMAD TALUKA,762,244090,125811,118224,55,106.42,5.11,161501,2.19,29042,14935,14103,4,105.9,5.26,17507,2.69
SINDH,Mirpurkhas Division,MIRPUR KHAS DISTRICT,MIRPUR KHAS TALUKA,24,26155,13441,12708,6,105.77,5.71,11735,4.3,234133,120114,113984,35,105.38,5.68,189671,1.11
SINDH,Mirpurkhas Division,MIRPUR KHAS DISTRICT,SHUJAABAD TALUKA,396,147733,76277,71433,23,106.78,5.18,88634,2.72,21000,10828,10168,4,106.49,4.9,10149,3.89
SINDH,Mirpurkhas Division,MIRPUR KHAS DISTRICT,SINDHRI TALUKA,599,219389,113515,105847,27,107.24,5.07,150628,2,16805,8716,8089,0,107.75,4.93,0,0
SINDH,Mirpurkhas Division,THARPARKAR DISTRICT,CHACHRO TALUKA,3386,327492,180400,147078,14,122.66,6.5,167235,3.59,23315,12839,10473,3,122.59,5.21,0,0
SINDH,Mirpurkhas Division,THARPARKAR DISTRICT,DAHLI TALUKA,2126,298045,165279,132753,13,124.5,7.16,165289,3.15,7484,4262,3222,0,132.28,7.46,0,0
SINDH,Mirpurkhas Division,THARPARKAR DISTRICT,DIPLO TALUKA,2872,135729,70873,64833,23,109.32,4.53,82344,2.66,13142,6857,6283,2,109.14,4.56,9703,1.61
SINDH,Mirpurkhas Division,THARPARKAR DISTRICT,ISLAMKOT TALUKA,3515,225927,118559,107343,25,110.45,4.91,127399,3.06,18512,9579,8930,3,107.27,4.58,10427,3.06
SINDH,Mirpurkhas Division,THARPARKAR DISTRICT,KALOI TALUKA,922,117609,60614,56975,20,106.39,4.69,73651,2.49,0,0,0,0,0,0,0,0
SINDH,Mirpurkhas Division,THARPARKAR DISTRICT,MITHI TALUKA,2954,161621,84594,77003,24,109.86,4.89,105440,2.27,58280,30490,27784,6,109.74,4.7,19697,5.86
SINDH,Mirpurkhas Division,THARPARKAR DISTRICT,NAGAR PARKAR TALUKA,3862,248079,130477,117579,23,110.97,5.04,153106,2.57,11801,6195,5606,0,110.51,4.88,0,0
SINDH,Mirpurkhas Division,UMER KOT DISTRICT,KUNRI TALUKA,585,179266,92326,86929,11,106.21,5.06,130349,1.69,39194,19940,19237,17,103.65,5.08,27866,1.81
SINDH,Mirpurkhas Division,UMER KOT DISTRICT,PITHORO TALUKA,855,107033,55282,51746,5,106.83,5.11,71204,2.16,12972,6627,6342,3,104.49,4.88,9978,1.39
SINDH,Mirpurkhas Division,UMER KOT DISTRICT,SAMARO TALUKA,959,160967,82738,78185,44,105.82,4.97,105274,2.26,9249,4782,4465,2,107.1,4.87,7373,1.2
SINDH,Mirpurkhas Division,UMER KOT DISTRICT,UMER KOT TALUKA,3209,382666,198684,183951,31,108.01,5.08,246506,2.34,182122,96091,85986,45,111.75,4.91,66247,5.46
SINDH,Shaheed Benazirabad Division,NAUSHAHRO FEROZE DISTRICT,BHIRIA TALUKA,488,239455,123408,116034,13,106.36,5.75,165747,1.95,62089,31979,30100,10,106.24,5.89,38373,2.56
SINDH,Shaheed Benazirabad Division,NAUSHAHRO FEROZE DISTRICT,KANDIARO TALUKA,771,283507,145438,138045,24,105.36,6.02,200572,1.83,38869,19769,19090,10,103.56,6.82,21957,3.05
SINDH,Shaheed Benazirabad Division,NAUSHAHRO FEROZE DISTRICT,MEHRABPUR TALUKA,361,169661,87512,82134,15,106.55,5.86,124659,1.63,76988,39496,37482,10,105.37,5.88,30686,4.95
SINDH,Shaheed Benazirabad Division,NAUSHAHRO FEROZE DISTRICT,MORO TALUKA,609,273131,142002,131100,29,108.32,5.45,204218,1.54,95448,49333,46085,30,107.05,5.6,61033,2.38
SINDH,Shaheed Benazirabad Division,NAUSHAHRO FEROZE DISTRICT,NAUSHAHRO FEROZE TALUKA,717,267060,138197,128815,48,107.28,5.77,199971,1.53,105839,54258,51561,20,105.23,5.92,40355,5.2
SINDH,Shaheed Benazirabad Division,SANGHAR DISTRICT,JAM NAWAZ ALI TALUKA,440,125985,65078,60897,10,106.87,5.42,77287,2.6,27208,14101,13103,4,107.62,5.46,12804,4.04
SINDH,Shaheed Benazirabad Division,SANGHAR DISTRICT,KHIPRO TALUKA,5933,281837,147043,134773,21,109.1,5.12,199509,1.83,50996,26340,24644,12,106.88,5.62,25580,3.69
SINDH,Shaheed Benazirabad Division,SANGHAR DISTRICT,SANGHAR TALUKA,2118,339307,176143,163139,25,107.97,5.53,203861,2.71,93485,48029,45447,9,105.68,5.3,61021,2.27
SINDH,Shaheed Benazirabad Division,SANGHAR DISTRICT,SHAHDADPUR TALUKA,890,265945,136878,129042,25,106.07,5.43,219140,1.02,191083,98129,92916,38,105.61,5.63,90587,4
SINDH,Shaheed Benazirabad Division,SANGHAR DISTRICT,SINJHORO TALUKA,907,260082,133888,126157,37,106.13,5.53,163057,2.48,56922,29298,27612,12,106.11,5.59,36417,2.37
SINDH,Shaheed Benazirabad Division,SANGHAR DISTRICT,TANDO ADAM TALUKA,440,204998,105880,99086,32,106.86,5.36,125711,2.6,152025,78244,73762,19,106.08,6.03,104907,1.97
SINDH,Shaheed Benazirabad Division,SHAHEED BENAZIRABAD DISTRICT,DAUR TALUKA,2210,384652,198949,185677,26,107.15,5.52,276514,1.75,93341,48152,45176,13,106.59,5.55,28111,6.51
SINDH,Shaheed Benazirabad Division,SHAHEED BENAZIRABAD DISTRICT,KAZI AHMED TALUKA,972,297638,154613,142995,30,108.12,5.27,208849,1.88,51306,26447,24848,11,106.44,5.35,37948,1.6
SINDH,Shaheed Benazirabad Division,SHAHEED BENAZIRABAD DISTRICT,NAWABSHAH TALUKA,435,134064,69403,64637,24,107.37,5.21,92058,1.99,279338,143911,135385,42,106.3,5.78,189244,2.07
SINDH,Shaheed Benazirabad Division,SHAHEED BENAZIRABAD DISTRICT,SAKRAND TALUKA,885,307342,157749,149563,30,105.47,5.09,242804,1.25,65825,34011,31808,6,106.93,5.16,27056,4.78
SINDH,Sukkur Division,GHOTKI DISTRICT,DAHARKI TALUKA,2088,224423,116233,108173,17,107.45,5.71,143539,2.38,86286,44846,41431,9,108.24,5.86,34615,4.92
SINDH,Sukkur Division,GHOTKI DISTRICT,GHOTKI TALUKA,763,382741,196603,186086,52,105.65,5.54,238468,2.52,124346,64169,60150,27,106.68,5.45,60166,3.89
SINDH,Sukkur Division,GHOTKI DISTRICT,KHANGARH TALUKA,1986,119244,61430,57808,6,106.27,5.45,86173,1.72,30423,15564,14854,5,104.78,5.24,0,0
SINDH,Sukkur Division,GHOTKI DISTRICT,MIRPUR MATHELO TALUKA,593,252551,129463,123074,14,105.19,5.25,155999,2.56,75270,39014,36246,10,107.64,5.31,42421,3.06
SINDH,Sukkur Division,GHOTKI DISTRICT,UBAURO TALUKA,653,308928,159987,148921,20,107.43,5.79,186117,2.7,44496,22963,21528,5,106.67,6.1,21299,3.95
SINDH,Sukkur Division,KHAIRPUR DISTRICT,FAIZ GANJ TALUKA,946,180739,92903,87833,3,105.77,5.2,130530,1.72,43349,22096,21253,0,103.97,5.06,15906,5.41
SINDH,Sukkur Division,KHAIRPUR DISTRICT,GAMBAT TALUKA,582,169334,87377,81954,3,106.62,6.13,132370,1.3,93884,48256,45623,5,105.77,6.08,40882,4.46
SINDH,Sukkur Division,KHAIRPUR DISTRICT,KHAIRPUR TALUKA,585,208567,107578,100984,5,106.53,5.56,150316,1.74,231845,120044,111752,49,107.42,5.71,124939,3.3
SINDH,Sukkur Division,KHAIRPUR DISTRICT,KINGRI TALUKA,531,245116,125674,119438,4,105.22,6.1,184360,1.51,95181,48885,46291,5,105.6,5.87,44270,4.1
SINDH,Sukkur Division,KHAIRPUR DISTRICT,KOT DIJI TALUKA,520,262926,135854,127072,0,106.91,5.89,182369,1.94,85656,44131,41516,9,106.3,5.92,45599,3.37
SINDH,Sukkur Division,KHAIRPUR DISTRICT,MIRWAH TALUKA,631,258899,133128,125771,0,105.85,5.96,183203,1.83,93865,48210,45646,9,105.62,5.9,43170,4.16
SINDH,Sukkur Division,KHAIRPUR DISTRICT,NARA TALUKA,11611,122023,64315,57708,0,111.45,5.69,92387,1.47,38620,20214,18404,2,109.83,5.45,0,0
SINDH,Sukkur Division,KHAIRPUR DISTRICT,SOBHO DERO TALUKA,504,180580,92683,87891,6,105.45,6.06,127000,1.87,94606,48906,45690,10,107.04,6.32,50450,3.36
SINDH,Sukkur Division,SUKKUR DISTRICT,NEW SUKKUR TALUKA,109,43652,22548,21102,2,106.85,5.76,29374,2.1,276571,142961,133571,39,107.03,5.8,130101,4.04
SINDH,Sukkur Division,SUKKUR DISTRICT,PANO AQIL TALUKA,1042,336263,174272,161964,27,107.6,5.79,205976,2.61,100109,57085,43009,15,132.73,5.7,62225,2.53
SINDH,Sukkur Division,SUKKUR DISTRICT,ROHRI TALUKA,807,284840,148419,136392,29,108.82,5.67,166453,2.86,85742,44179,41558,5,106.31,5.41,57537,2.12
SINDH,Sukkur Division,SUKKUR DISTRICT,SALEHPAT TALUKA,2957,102811,53904,48900,7,110.23,5.28,64646,2.47,26925,14048,12875,2,109.11,5.5,0,0
SINDH,Sukkur Division,SUKKUR DISTRICT,SUKKUR CITY TALUKA,250,0,0,0,0,0,0,2833,0,231459,118916,112511,32,105.69,5.46,212242,0.46
BALOCHISTAN,Makran Division,AWARAN DISTRICT,AWARAN TEHSIL,13075,8584,4334,4250,0,101.98,5.72,27156,5.87,21761,10986,10774,1,101.97,7.81,0,0
BALOCHISTAN,Makran Division,AWARAN DISTRICT,GISHKORE SUB-TEHSIL,4578,18390,9683,8704,3,111.25,5.07,22430,1.04,0,0,0,0,0,0,0,0
BALOCHISTAN,Makran Division,AWARAN DISTRICT,JHAL JAO SUB-TEHSIL,9439,40010,20949,19056,5,109.93,6.81,34214,0.83,0,0,0,0,0,0,0,0
BALOCHISTAN,Makran Division,AWARAN DISTRICT,MASHKAI TEHSIL,2418,20600,10472,10128,0,103.4,6.84,34373,2.65,12476,6639,5837,0,113.74,7.82,0,0
BALOCHISTAN,Kalat Division,KALAT DISTRICT,GAZG SUB-TEHSIL,1390,5721,3112,2609,0,119.28,6.02,3979,1.93,0,0,0,0,0,0,0,0
BALOCHISTAN,Kalat Division,KALAT DISTRICT,JOHAN SUB-TEHSIL,1328,10708,5625,5083,0,110.66,6.8,12299,0.73,0,0,0,0,0,0,0,0
BALOCHISTAN,Kalat Division,KALAT DISTRICT,KALAT TEHSIL,3788,92298,47816,44482,0,107.5,6.85,63919,1.95,36796,18649,18147,0,102.77,6.4,22646,2.58
BALOCHISTAN,Kalat Division,KALAT DISTRICT,MANGOCHAR TEHSIL,1148,65678,34177,31500,1,108.5,7.7,41590,2.43,0,0,0,0,0,0,0,0
BALOCHISTAN,Kalat Division,KALAT DISTRICT,SURAB TEHSIL,762,165260,84792,80468,0,105.37,7.71,82253,3.73,35597,17635,17962,0,98.18,8.53,11148,6.29
BALOCHISTAN,Makran Division,KHARAN DISTRICT,KHARAN TEHSIL,5072,29315,15119,14196,0,106.5,6.17,15966,3.24,51388,27073,24315,0,111.34,8.05,27806,3.28
BALOCHISTAN,Makran Division,KHARAN DISTRICT,SAR KHARAN TEHSIL,3539,49393,25438,23955,0,106.19,5.86,29768,2.7,0,0,0,0,0,0,0,0
BALOCHISTAN,Makran Division,KHARAN DISTRICT,SUB TEHSIL TOHMULK,6347,32670,17001,15669,0,108.5,6.22,23360,1.78,0,0,0,0,0,0,0,0
BALOCHISTAN,Kalat Division,KHUZDAR DISTRICT,ARANJI SUB-TEHSIL,7456,42318,22656,19658,4,115.25,6,28561,2.09,0,0,0,0,0,0,0,0
BALOCHISTAN,Kalat Division,KHUZDAR DISTRICT,KARAKH SUB-TEHSIL,1352,31016,16082,14933,1,107.69,5.78,21984,1.82,0,0,0,0,0,0,0,0
BALOCHISTAN,Kalat Division,KHUZDAR DISTRICT,KHUZDAR TEHSIL,6112,117020,60438,56569,13,106.84,6.4,70788,2.68,182444,95244,87193,7,109.23,6.88,91057,3.72
BALOCHISTAN,Kalat Division,KHUZDAR DISTRICT,MOOLA SUB-TEHSIL,3283,23386,12027,11350,9,105.96,6.1,13143,3.07,0,0,0,0,0,0,0,0
BALOCHISTAN,Kalat Division,KHUZDAR DISTRICT,NAL SUB-TEHSIL,4413,97576,51298,46267,11,110.87,6.57,59314,2.65,33321,17439,15881,1,109.81,6.95,0,0
BALOCHISTAN,Kalat Division,KHUZDAR DISTRICT,ORNACH SUB-TEHSIl,3368,37588,20191,17395,2,116.07,5.7,20907,3.13,0,0,0,0,0,0,0,0
BALOCHISTAN,Kalat Division,KHUZDAR DISTRICT,SAROONA SUB-TEHSIL,3257,32125,17427,14696,2,118.58,5.23,20580,2.37,0,0,0,0,0,0,0,0
BALOCHISTAN,Kalat Division,KHUZDAR DISTRICT,WADH TEHSIL,2118,77906,40448,37443,15,108.03,6.07,38539,3.77,22209,11833,10374,2,114.06,6.27,13794,2.53
BALOCHISTAN,Kalat Division,KHUZDAR DISTRICT,ZEHRI TEHSIL,4021,64199,33871,30320,8,111.71,9.08,25402,4.99,37788,20397,17389,2,117.3,9.02,13397,5.6
BALOCHISTAN,Makran Division,LASBELA DISTRICT,BELA TEHSIL,1527,80124,41690,38433,1,108.47,5.45,51636,2.33,24603,13006,11594,3,112.18,6.01,16705,2.05
BALOCHISTAN,Makran Division,LASBELA DISTRICT,DUREJI TEHSIL,2813,32686,17112,15573,1,109.88,5.31,31504,0.19,12855,6739,6116,0,110.19,4.98,0,0
BALOCHISTAN,Makran Division,LASBELA DISTRICT,GADDANI TEHSIL,419,16914,8902,8012,0,111.11,5.69,7889,4.09,7679,3889,3790,0,102.61,6.05,11068,1.9
BALOCHISTAN,Makran Division,LASBELA DISTRICT,HUB TEHSIL,868,27664,14377,13287,0,108.2,5.77,18171,2.23,177823,93326,84495,2,110.45,8.08,62763,5.62
BALOCHISTAN,Makran Division,LASBELA DISTRICT,LAKHRA TEHSIL,1954,35495,18094,17400,1,103.99,6.06,25474,1.76,0,0,0,0,0,0,0,0
BALOCHISTAN,Makran Division,LASBELA DISTRICT,LIARI TEHSIL,2010,11730,5990,5740,0,104.36,4.74,7846,2.14,0,0,0,0,0,0,0,0
BALOCHISTAN,Makran Division,LASBELA DISTRICT,SONMIANI/WINDER TEHSIL,2616,34504,17867,16637,0,107.39,5.74,20230,2.84,29515,15353,14160,2,108.43,6.63,11569,5.04
BALOCHISTAN,Makran Division,LASBELA DISTRICT,UTHAL TEHSIL,1756,42867,22196,20671,0,107.38,5.35,26405,2.58,29423,15792,13630,1,115.86,6.92,13319,4.25
BALOCHISTAN,Kalat Division,MASTUNG DISTRICT,DASHT TEHSIL,1047,64765,34040,30722,3,110.8,6.34,24570,5.22,0,0,0,0,0,0,0,0
BALOCHISTAN,Kalat Division,MASTUNG DISTRICT,KHAD KOCHA SUB-TEHSIL,640,38860,20265,18595,0,108.98,6.54,19262,3.76,0,0,0,0,0,0,0,0
BALOCHISTAN,Kalat Division,MASTUNG DISTRICT,KIRDGAP SUB-TEHSIL,929,28624,14682,13942,0,105.31,6.4,24214,0.88,0,0,0,0,0,0,0,0
BALOCHISTAN,Kalat Division,MASTUNG DISTRICT,MASTUNG TEHSIL,692,98430,50667,47763,0,106.08,7.44,57862,2.83,34997,17850,17147,0,104.1,7,24131,1.97
BALOCHISTAN,Makran Division,WASHUK DISTRICT,BESIMA SUB-TEHSIL,6014,40266,21513,18753,0,114.72,6.66,16740,4.72,0,0,0,0,0,0,0,0
BALOCHISTAN,Makran Division,WASHUK DISTRICT,MASHKHEL SUB-TEHSIL,11663,38634,20219,18414,1,109.8,4.97,29844,1.37,0,0,0,0,0,0,0,0
BALOCHISTAN,Makran Division,WASHUK DISTRICT,NAG SUB-TEHSIL,4338,34477,17743,16734,0,106.03,5.43,19956,2.91,0,0,0,0,0,0,0,0
BALOCHISTAN,Makran Division,WASHUK DISTRICT,SHAHGORI SUB-TEHSIL,3584,27548,14332,13216,0,108.44,5.19,19641,1.79,0,0,0,0,0,0,0,0
BALOCHISTAN,Makran Division,WASHUK DISTRICT,WASHUK SUB-TEHSIL,7494,12952,6627,6325,0,104.77,6.81,23828,3.15,21835,11407,10428,0,109.39,5.45,0,0
BALOCHISTAN,Makran Division,GWADAR DISTRICT,GWADAR TEHSIL,2590,47494,24823,22670,1,109.5,5.93,27593,2.89,90201,49901,40293,7,123.85,6.86,45021,3.72
BALOCHISTAN,Makran Division,GWADAR DISTRICT,JIWANI TEHSIL,454,8423,4340,4083,0,106.29,5.75,5716,2.06,18268,9511,8753,4,108.66,6.1,14072,1.38
BALOCHISTAN,Makran Division,GWADAR DISTRICT,ORMARA TEHSIL,2796,7881,4150,3731,0,111.23,5.24,7327,0.38,17753,10001,7752,0,129.01,5.4,11521,2.3
BALOCHISTAN,Makran Division,GWADAR DISTRICT,PASNI TEHSIL,4822,26790,14155,12634,1,112.04,6.02,27364,0.11,34557,18404,16149,4,113.96,8.15,29538,0.83
BALOCHISTAN,Makran Division,GWADAR DISTRICT,SUNTSER SUB-TEHSIL,1975,10886,5831,5055,0,115.35,5.31,17346,2.42,0,0,0,0,0,0,0,0
BALOCHISTAN,Makran Division,KECH DISTRICT,BALNIGORE SUB-TEHSIL,1238,44595,23222,21373,0,108.65,6.19,19560,4.42,0,0,0,0,0,0,0,0
BALOCHISTAN,Makran Division,KECH DISTRICT,BULAIDA SUB-TEHSIL,1997,37302,20624,16673,5,123.7,7.47,35251,0.3,39846,21248,18592,6,114.29,6.84,0,0
BALOCHISTAN,Makran Division,KECH DISTRICT,DASHT SUB-TEHSIL,2486,76470,41008,35459,3,115.65,6.86,39061,3.59,0,0,0,0,0,0,0,0
BALOCHISTAN,Makran Division,KECH DISTRICT,HOSHAB SUB-TEHSIL,2213,52947,30389,22549,9,134.77,6.55,37819,1.78,0,0,0,0,0,0,0,0
BALOCHISTAN,Makran Division,KECH DISTRICT,KECH (TURBAT) TEHSIL,9742,202777,110066,92685,26,118.75,6.12,88539,4.45,213831,118713,95086,32,124.85,6.14,68603,6.15
BALOCHISTAN,Makran Division,KECH DISTRICT,MAND SUB-TEHSIL,1456,50995,27158,23835,2,113.94,6,35281,1.95,0,0,0,0,0,0,0,0
BALOCHISTAN,Makran Division,KECH DISTRICT,TUMP SUB-TEHSIL,1945,97665,53822,43829,14,122.8,7.83,51234,3.45,48343,25590,22751,2,112.48,7.77,0,0
BALOCHISTAN,Makran Division,KECH DISTRICT,ZAMORAN SUB-TEHSIL,1462,42411,21038,21370,3,98.45,7.7,37856,0.6,0,0,0,0,0,0,0,0
BALOCHISTAN,Makran Division,PANJGUR DISTRICT,GICHK SUB-TEHSIL,8387,16646,8967,7676,3,116.82,8.37,22568,1.59,0,0,0,0,0,0,0,0
BALOCHISTAN,Makran Division,PANJGUR DISTRICT,GOWARGO TEHSIL,1471,16329,8424,7905,0,106.57,5.7,24377,2.08,0,0,0,0,0,0,0,0
BALOCHISTAN,Makran Division,PANJGUR DISTRICT,PANJGUR TEHSIL,3655,178752,93460,85279,13,109.59,7.54,146971,1.03,80411,42867,37541,3,114.19,7.07,21297,7.23
BALOCHISTAN,Makran Division,PANJGUR DISTRICT,PAROME TEHSIL,3378,23215,12661,10551,3,120,8.49,18838,1.1,0,0,0,0,0,0,0,0
BALOCHISTAN,Naseerabad Division,JAFFARABAD DISTRICT,GANDHAKA TEHSIL,554,74881,38209,36650,22,104.25,5.93,52767,1.86,0,0,0,0,0,0,0,0
BALOCHISTAN,Naseerabad Division,JAFFARABAD DISTRICT,JHAT PAT TEHSIL,690,172149,88378,83749,22,105.53,6.37,92689,3.31,80958,41622,39328,8,105.83,6.75,38371,4
BALOCHISTAN,Naseerabad Division,JAFFARABAD DISTRICT,USTA MUHAMMAD TEHSIL,399,109231,55791,53439,1,104.4,6.65,68517,2.48,76753,38872,37881,0,102.62,6.69,38946,3.63
BALOCHISTAN,Naseerabad Division,JHAL MAGSI DISTRICT,GANDAWA TEHSIL,1344,43365,22324,21041,0,106.1,6.05,26694,2.58,7815,3958,3856,1,102.65,6.26,8097,0.19
BALOCHISTAN,Naseerabad Division,JHAL MAGSI DISTRICT,JHAL MAGSI TEHSIL,1679,88279,45604,42675,0,106.86,5.86,63588,1.74,0,0,0,0,0,0,0,0
BALOCHISTAN,Naseerabad Division,JHAL MAGSI DISTRICT,MIRPUR SUB-TEHSIL,592,9441,4840,4601,0,105.19,6.21,11562,1.06,0,0,0,0,0,0,0,0
BALOCHISTAN,Naseerabad Division,KACHHI DISTRICT,BALANARI SUB-TEHSIL,402,43341,22595,20746,0,108.9,6.13,39597,0.48,0,0,0,0,0,0,0,0
BALOCHISTAN,Naseerabad Division,KACHHI DISTRICT,BHAG TEHSIL,1308,56859,29740,27115,4,109.7,6.57,43842,1.38,16600,8529,8068,3,105.7,6.53,12181,1.64
BALOCHISTAN,Naseerabad Division,KACHHI DISTRICT,DHADAR TEHSIL,976,27149,14145,13004,0,108.8,7.02,32663,0.97,15240,7938,7302,0,108.7,8.1,12818,0.91
BALOCHISTAN,Naseerabad Division,KACHHI DISTRICT,KHATTAN SUB-TEHSIL,277,14213,7411,6802,0,109,8.05,7202,3.64,0,0,0,0,0,0,0,0
BALOCHISTAN,Naseerabad Division,KACHHI DISTRICT,MACH SUB-TEHSIL,708,20489,10719,9770,0,109.7,7.07,15619,1.44,19140,10363,8777,0,118.1,7.6,14488,1.47
BALOCHISTAN,Naseerabad Division,KACHHI DISTRICT,SANNI SUB-TEHSIL,2011,96901,52851,44049,1,120,9.4,77070,1.21,0,0,0,0,0,0,0,0
BALOCHISTAN,Naseerabad Division,NASIRABAD DISTRICT,BABA KOT TEHSIL,967,49480,25844,23636,0,109.34,6.69,19531,5,0,0,0,0,0,0,0,0
BALOCHISTAN,Naseerabad Division,NASIRABAD DISTRICT,CHATTAR SUB-TEHSIL,961,76536,39811,36725,0,108.4,7.91,50446,2.21,0,0,0,0,0,0,0,0
BALOCHISTAN,Naseerabad Division,NASIRABAD DISTRICT,DERA MURAD JAMALI TEHSIL,776,134459,69042,65417,0,105.54,7.26,65676,3.84,96316,49161,47155,0,104.25,7.42,38431,4.95
BALOCHISTAN,Naseerabad Division,NASIRABAD DISTRICT,TAMBOO TEHSIL,683,131056,67706,63349,1,106.88,7.2,71810,3.21,0,0,0,0,0,0,0,0
BALOCHISTAN,Naseerabad Division,SOHBATPUR DISTRICT,FARIDABAD TEHSIL,137,58204,29719,28484,1,104.34,6.69,33400,2.96,0,0,0,0,0,0,0,0
BALOCHISTAN,Naseerabad Division,SOHBATPUR DISTRICT,SANHRI TEHSIL,331,88788,45781,43005,2,106.46,6.39,66681,1.52,0,0,0,0,0,0,0,0
BALOCHISTAN,Naseerabad Division,SOHBATPUR DISTRICT,SOHBATPUR TEHSIL,334,40567,20803,19757,7,105.29,6.93,33240,1.05,12867,6664,6203,0,107.43,5.87,8206,2.39
BALOCHISTAN,Quetta Division,CHAGAI DISTRICT,CHAGAI SUB-TEHSIL,3975,58256,30396,27859,1,109.11,7.18,22511,5.12,0,0,0,0,0,0,0,0
BALOCHISTAN,Quetta Division,CHAGAI DISTRICT,DALBANDIN TEHSIL,15363,111203,57650,53548,5,107.66,6.5,48380,4.47,16265,8299,7966,0,104.18,8.19,11948,1.63
BALOCHISTAN,Quetta Division,CHAGAI DISTRICT,NOKUNDI SUB-TEHSIL,16092,22283,11851,10432,0,113.6,6.42,14029,2.46,0,0,0,0,0,0,0,0
BALOCHISTAN,Quetta Division,CHAGAI DISTRICT,TAFTAN SUB-TEHSIL,9318,18510,10777,7732,1,139.38,8.14,7666,4.74,0,0,0,0,0,0,0,0
BALOCHISTAN,Quetta Division,KILLA ABDULLAH DISTRICT,CHAMAN TEHSIL,1341,311355,164656,146699,0,112.24,8.49,95062,6.43,123206,65093,58112,1,112.01,7.78,56792,4.15
BALOCHISTAN,Quetta Division,KILLA ABDULLAH DISTRICT,DOBANDI SUB-TEHSIL,1604,61741,33936,27804,1,122.05,7.48,31050,3.68,0,0,0,0,0,0,0,0
BALOCHISTAN,Quetta Division,KILLA ABDULLAH DISTRICT,GULISTAN TEHSIL,1536,114984,59793,55190,1,108.34,6.98,66883,2.89,0,0,0,0,0,0,0,0
BALOCHISTAN,Quetta Division,KILLA ABDULLAH DISTRICT,KILLA ABDULLAH TEHSIL,413,120944,61932,59011,1,104.95,6.34,110937,0.45,26124,13889,12235,0,113.52,6.7,0,0
BALOCHISTAN,Quetta Division,NUSHKI DISTRICT,NUSHKI TEHSIL,5797,132551,68290,64258,3,106.27,7.78,74082,3.1,46396,24281,22115,0,109.79,8.19,23948,3.54
BALOCHISTAN,Quetta Division,PISHIN DISTRICT,BARSHORE SUB-TEHSIL,2474,103423,52620,50802,1,103.58,5.97,95132,0.44,0,0,0,0,0,0,0,0
BALOCHISTAN,Quetta Division,PISHIN DISTRICT,HURRAM ZAI SUB-TEHSIL,418,102700,53635,49057,8,109.33,5.58,58093,3.04,29402,14780,14622,0,101.08,5.88,0,0
BALOCHISTAN,Quetta Division,PISHIN DISTRICT,KAREZAT SUB-TEHSIL,2044,97469,51149,46315,5,110.44,6.15,63375,2.29,39997,20435,19539,23,104.59,5.74,0,0
BALOCHISTAN,Quetta Division,PISHIN DISTRICT,PISHIN TEHSIL,1199,272063,140788,131260,15,107.26,5.78,108306,4.96,35547,18426,17116,5,107.65,5.81,22955,2.32
BALOCHISTAN,Quetta Division,PISHIN DISTRICT,SARANAN TEHSIL,83,18452,9615,8836,1,108.82,6.2,28867,2.32,37850,19167,18680,3,102.61,5.29,0,0
BALOCHISTAN,Quetta Division,QUETTA DISTRICT,PANJ PAI SUB-TEHSIL,1205,19011,9723,9287,1,104.69,8.17,15139,1.2,0,0,0,0,0,0,0,0
BALOCHISTAN,Quetta Division,QUETTA DISTRICT,QUETTA CITY TEHSIL,779,723361,375710,347599,52,108.09,8.96,73759,12.74,999385,528019,471224,142,112.05,7.56,565137,3.04
BALOCHISTAN,Quetta Division,QUETTA DISTRICT,QUETTA SADDAR TEHSIL,1463,527716,277024,250608,84,110.54,7.59,120512,8.07,0,0,0,0,0,0,0,0
BALOCHISTAN,Quetta Division,DERA BUGTI DISTRICT,BAIKER SUB-TEHSIL,258,19497,10583,8914,0,118.72,7.18,5305,7.08,0,0,0,0,0,0,0,0
BALOCHISTAN,Quetta Division,DERA BUGTI DISTRICT,DERA BUGTI TEHSIL,927,20790,10932,9858,0,110.89,6.25,16908,1.09,27625,14490,13135,0,110.32,6.79,15495,3.08
BALOCHISTAN,Quetta Division,DERA BUGTI DISTRICT,LOTI TEHSIL,803,18058,9963,8095,0,123.08,6.98,8491,4.04,0,0,0,0,0,0,0,0
BALOCHISTAN,Quetta Division,DERA BUGTI DISTRICT,MALAM SUB-TEHSIL,957,27265,13216,14049,0,94.07,7.25,19504,1.78,0,0,0,0,0,0,0,0
BALOCHISTAN,Quetta Division,DERA BUGTI DISTRICT,PHELAWAGH TEHSIL,205,28054,13931,14123,0,98.64,7.16,11760,4.67,0,0,0,0,0,0,0,0
BALOCHISTAN,Quetta Division,DERA BUGTI DISTRICT,PIR KOH SUB-TEHSIL,1619,40629,21937,18692,0,117.36,5.74,27448,2.08,0,0,0,0,0,0,0,0
BALOCHISTAN,Quetta Division,DERA BUGTI DISTRICT,SANGSILLAH SUB-TEHSIL,1533,10217,5435,4781,1,113.68,6.69,13700,1.53,0,0,0,0,0,0,0,0
BALOCHISTAN,Quetta Division,DERA BUGTI DISTRICT,SUI TEHSIL,3858,48235,27035,21200,0,127.52,6.32,62699,1.37,72740,37534,35206,0,106.61,6.94,0,0
BALOCHISTAN,Quetta Division,HARNAI DISTRICT,HARNAI TEHSIL,259,50753,26754,23987,12,111.54,5.62,42123,0.98,13303,6950,6349,4,109.47,6.02,9359,1.86
BALOCHISTAN,Quetta Division,HARNAI DISTRICT,KHOAST SUB-TEHSIL,1619,12279,6407,5872,0,109.11,5.78,9908,1.13,0,0,0,0,0,0,0,0
BALOCHISTAN,Quetta Division,HARNAI DISTRICT,SHAHRIG TEHSIL,614,9458,4962,4495,1,110.39,5.08,15262,2.48,11259,6891,4366,2,157.83,5.35,0,0
BALOCHISTAN,Quetta Division,KOHLU DISTRICT,GRISANI SUB-TEHSIL,174,17027,9359,7668,0,122.05,7.72,4057,7.83,0,0,0,0,0,0,0,0
BALOCHISTAN,Quetta Division,KOHLU DISTRICT,KAHAN TEHSIL,3754,73833,36485,37348,0,97.69,11.06,26765,5.48,0,0,0,0,0,0,0,0
BALOCHISTAN,Quetta Division,KOHLU DISTRICT,KOHLU TEHSIL,231,27709,14623,13086,0,111.75,5.97,17037,2.59,17443,9001,8442,0,106.62,7.87,9665,3.15
BALOCHISTAN,Quetta Division,KOHLU DISTRICT,MAWAND TEHSIL,2915,41516,22480,19036,0,118.09,6.37,24056,2.91,0,0,0,0,0,0,0,0
BALOCHISTAN,Quetta Division,SIBI DISTRICT,KOT MANDAI SUB-TEHSIL,1977,7583,4032,3551,0,113.55,6.02,8057,0.32,0,0,0,0,0,0,0,0
BALOCHISTAN,Quetta Division,SIBI DISTRICT,LEHRI TEHSIL,1817,44490,23211,21278,1,109.08,5.91,32576,1.65,0,0,0,0,0,0,0,0
BALOCHISTAN,Quetta Division,SIBI DISTRICT,SANGAN SUB-TEHSIL,1378,2665,1441,1223,1,117.83,8.2,3024,0.66,0,0,0,0,0,0,0,0
BALOCHISTAN,Quetta Division,SIBI DISTRICT,SIBI TEHSIL,1949,60339,32359,27977,3,115.66,6.06,44198,1.65,64674,33680,30980,14,108.72,7.19,48467,1.53
BALOCHISTAN,Quetta Division,ZIARAT DISTRICT,SINJAWI SUB-TEHSIL,1812,92497,48070,44413,14,108.23,5.88,47408,3.57,0,0,0,0,0,0,0,0
BALOCHISTAN,Quetta Division,ZIARAT DISTRICT,ZIARAT TEHSIL,1489,64206,32405,31793,8,101.92,5.09,32704,3.61,3392,1686,1706,0,98.83,4.91,636,9.19
BALOCHISTAN,Zhob Division,BARKHAN DISTRICT,BARKHAN TEHSIL,3514,158824,83576,75237,11,111.08,6.49,95875,2.69,12201,6335,5863,3,108.05,7.4,7670,2.47
BALOCHISTAN,Zhob Division,KILLA SAIFULLAH DISTRICT,BADINI SUB-TEHSIL,0,15345,8720,6625,0,131.62,6.89,6583,4.55,0,0,0,0,0,0,0,0
BALOCHISTAN,Zhob Division,KILLA SAIFULLAH DISTRICT,KAN MEHTARZAI SUB-TEHSIL,0,33242,17462,15780,0,110.66,6.13,24168,1.69,0,0,0,0,0,0,0,0
BALOCHISTAN,Zhob Division,KILLA SAIFULLAH DISTRICT,KILLA SAIFULLAH TEHSIL,4386,97481,51840,45636,5,113.59,6.69,55343,3.02,34865,18341,16524,0,111,6.64,8129,7.95
BALOCHISTAN,Zhob Division,KILLA SAIFULLAH DISTRICT,LOIBAND TEHSIL,0,27962,14875,13087,0,113.66,6.68,25791,0.43,0,0,0,0,0,0,0,0
BALOCHISTAN,Zhob Division,KILLA SAIFULLAH DISTRICT,MUSLIM BAGH TEHSIL,0,50283,26295,23988,0,109.62,6.24,27700,3.18,28428,14852,13576,0,109.4,6.16,17170,2.68
BALOCHISTAN,Zhob Division,KILLA SAIFULLAH DISTRICT,SHINKI SUB-TEHSIL,2445,55326,29421,25905,0,113.57,6.15,28669,3.51,0,0,0,0,0,0,0,0
BALOCHISTAN,Zhob Division,LORALAI DISTRICT,DUKI TEHSIL,4233,142935,76379,66552,4,114.77,6.83,110867,1.34,10042,5639,4403,0,128.07,7.27,5109,3.61
BALOCHISTAN,Zhob Division,LORALAI DISTRICT,LORALAI\BORI TEHSIL,2203,148730,78186,70540,4,110.84,7.34,72551,3.84,54849,30677,24170,2,126.92,6.85,29875,3.24
BALOCHISTAN,Zhob Division,LORALAI DISTRICT,MEKHTAR SUB-TEHSIL,1582,40867,21621,19240,6,112.38,6.62,31745,1.34,0,0,0,0,0,0,0,0
BALOCHISTAN,Zhob Division,MUSAKHEL DISTRICT,DRUG TEHSIL,848,37599,20168,17429,2,115.72,6.32,28638,1.44,0,0,0,0,0,0,0,0
BALOCHISTAN,Zhob Division,MUSAKHEL DISTRICT,KINGRI TEHSIL,3683,31339,16924,14413,2,117.42,7.21,24822,1.23,0,0,0,0,0,0,0,0
BALOCHISTAN,Zhob Division,MUSAKHEL DISTRICT,MUSAKHEL TEHSIL,1197,84170,46200,37963,7,121.7,6.87,69007,1.05,14135,7441,6693,1,111.18,6.71,11589,1.05
BALOCHISTAN,Zhob Division,SHERANI DISTRICT,SHERANI TEHSIL,4310,152952,84390,68561,1,123.09,7.3,81684,3.35,0,0,0,0,0,0,0,0
BALOCHISTAN,Zhob Division,ZHOB DISTRICT,ASHWAT SUB-TEHSIL,901,20768,11575,9193,0,125.91,8.15,13247,2.39,0,0,0,0,0,0,0,0
BALOCHISTAN,Zhob Division,ZHOB DISTRICT,KASHATOO SUB-TEHSIL,1590,5184,2645,2539,0,104.17,6.83,5165,0.02,0,0,0,0,0,0,0,0
BALOCHISTAN,Zhob Division,ZHOB DISTRICT,QAMAR DIN KAREZ TEHSIL,1286,13831,7486,6345,0,117.98,5.73,5855,4.62,0,0,0,0,0,0,0,0
BALOCHISTAN,Zhob Division,ZHOB DISTRICT,SAMBAZA SUB-TEHSIL,2888,17465,9848,7617,0,129.29,7.09,15198,0.73,0,0,0,0,0,0,0,0
BALOCHISTAN,Zhob Division,ZHOB DISTRICT,ZHOB TEHSIL,9322,206942,111210,95731,1,116.17,6.58,110150,3.37,46164,25475,20689,0,123.13,6.4,43843,0.27
KPK,BANNU DIVISION,BANNU DISTRICT,BANNU TEHSIL,802,908155,457808,450324,23,101.66,9.16,525281,2.92,49948,27628,22319,1,123.79,7.42,47676,0.24
KPK,BANNU DIVISION,BANNU DISTRICT,DOMEL TEHSIL,425,208968,107189,101779,0,105.32,10.98,102710,3.8,0,0,0,0,0,0,0,0
KPK,BANNU DIVISION,LAKKI MARWAT DISTRICT,LAKKI MARWAT TEHSIL,2541,519601,261879,257719,3,101.61,8.47,309467,2.76,59273,30735,28538,0,107.7,7.24,30467,3.56
KPK,BANNU DIVISION,LAKKI MARWAT DISTRICT,SARAI NAURANG TEHSIL,623,266891,134073,132817,1,100.95,9.65,133680,3.7,29979,15030,14949,0,100.54,9.22,16411,3.22
KPK,DERA ISMAIL KHAN DIVISION,DERA ISMAIL KHAN DISTRICT,DARABAN TEHSIL,1540,124318,64533,59784,1,107.94,8.22,73658,2.79,0,0,0,0,0,0,0,0
KPK,DERA ISMAIL KHAN DIVISION,DERA ISMAIL KHAN DISTRICT,DERA ISMAIL KHAN TEHSIL,1167,507431,260671,246730,30,105.65,8.62,270676,3.36,218018,114116,103865,37,109.87,6.54,92114,4.63
KPK,DERA ISMAIL KHAN DIVISION,DERA ISMAIL KHAN DISTRICT,KULACHI TEHSIL,1229,77139,39956,37181,2,107.46,8.67,48143,2.51,24753,12750,12003,0,106.22,6.91,19113,1.37
KPK,DERA ISMAIL KHAN DIVISION,DERA ISMAIL KHAN DISTRICT,PAHARPUR TEHSIL,1657,303520,154668,148834,18,103.92,7.64,204009,2.11,77566,40040,37521,5,106.71,8.27,14580,9.18
KPK,DERA ISMAIL KHAN DIVISION,DERA ISMAIL KHAN DISTRICT,PAROA TEHSIL,1733,252462,130064,122390,8,106.27,8.41,130702,3.52,39881,20887,18993,1,109.97,7.75,0,0
KPK,DERA ISMAIL KHAN DIVISION,TANK DISTRICT,TANK TEHSIL,1679,343562,175264,168273,25,104.15,8.98,202475,2.82,47064,24836,22226,2,111.74,8.03,35741,1.46
KPK,HAZARA DIVISION,ABBOTTABAD DISTRICT,ABBOTTABAD TEHSIL,1438,737167,372331,364818,18,102.06,5.96,502487,2.03,245670,130649,115003,18,113.6,6.12,126279,3.56
KPK,HAZARA DIVISION,ABBOTTABAD DISTRICT,HAVELIAN TEHSIL,529,301937,150261,151676,0,99.07,6.3,220275,1.67,48315,24616,23699,0,103.87,6.6,31625,2.25
KPK,HAZARA DIVISION,ABBOTTABAD DISTRICT,ALLAI TEHSIL,804,180502,90363,90127,12,100.26,6.75,121652,2.09,0,0,0,0,0,0,0,0
KPK,HAZARA DIVISION,ABBOTTABAD DISTRICT,BATAGRAM TEHSIL,497,296247,148039,148185,23,99.9,6.97,185626,2.49,0,0,0,0,0,0,0,0
KPK,HAZARA DIVISION,HARIPUR DISTRICT,GHAZI TEHSIL,595,144917,72137,72780,0,99.12,5.8,113049,1.31,0,0,0,0,0,0,0,0
KPK,HAZARA DIVISION,HARIPUR DISTRICT,HARIPUR TEHSIL,1130,723498,358270,365211,17,98.1,6.12,496444,2,133100,67795,65275,30,103.86,6.1,82735,2.53
KPK,HAZARA DIVISION,MANSEHRA DISTRICT,BALA KOT TEHSIL,2376,273257,135039,138200,18,97.71,6,214630,1.28,0,0,0,0,0,0,0,0
KPK,HAZARA DIVISION,MANSEHRA DISTRICT,MANSEHRA TEHSIL,1340,872623,436662,435875,86,100.18,6.51,513599,2.82,144898,73525,71242,131,103.2,6.63,61376,4.62
KPK,HAZARA DIVISION,MANSEHRA DISTRICT,OGHI TEHSIL,409,264964,126750,138192,22,91.72,7.06,188552,1.8,0,0,0,0,0,0,0,0
KPK,HAZARA DIVISION,TORGHAR DISTRICT,JUDBA TEHSIL,149,96888,49459,47419,10,104.3,6.47,84628,0.71,0,0,0,0,0,0,0,0
KPK,HAZARA DIVISION,TORGHAR DISTRICT,KHANDER TEHSIL,305,74461,36600,37855,6,96.68,6.51,90054,0.99,0,0,0,0,0,0,0,0
KPK,HAZARA DIVISION,KOHISTAN DISTRICT,DASSU TEHSIL,3515,228350,123541,104801,8,117.88,8.28,137519,2.7,0,0,0,0,0,0,0,0
KPK,HAZARA DIVISION,KOHISTAN DISTRICT,KANDIA TEHSIL,2088,77101,41799,35302,0,118.4,7.74,46437,2.7,0,0,0,0,0,0,0,0
KPK,HAZARA DIVISION,KOHISTAN DISTRICT,PALAS TEHSIL,1410,276325,149477,126843,5,117.84,7.64,166403,2.7,0,0,0,0,0,0,0,0
KPK,HAZARA DIVISION,KOHISTAN DISTRICT,PATTAN TEHSIL,642.1,202935,109826,93109,0,117.95,7.7,122211,2.7,0,0,0,0,0,0,0,0
KPK,KOHAT DIVISION,HANGU DISTRICT,HANGU TEHSIL,669,221598,106089,115490,19,91.86,10.24,132095,2.76,48801,23736,25063,2,94.71,9.4,31022,2.41
KPK,KOHAT DIVISION,HANGU DISTRICT,TALL TEHSIL,428,194711,92527,102174,10,90.56,10.67,118217,2.66,53701,26692,27005,4,98.84,10.06,33195,2.56
KPK,KOHAT DIVISION,KOHAT DISTRICT,KOHAT TEHSIL,1414,620442,303288,317098,56,95.64,8.48,344021,3.15,228555,121144,107367,44,112.83,7.34,126627,3.15
KPK,KOHAT DIVISION,KOHAT DISTRICT,LACHI TEHSIL,1131,102059,50384,51669,6,97.51,7.31,66710,2.26,41371,20966,20405,0,102.75,7.13,25286,2.62
KPK,KOHAT DIVISION,KARAK DISTRICT,BANDA DAUD SHAH TEHSIL,1465,155482,75250,80221,11,93.8,9.03,98626,2.42,0,0,0,0,0,0,0,0
KPK,KOHAT DIVISION,KARAK DISTRICT,KARAK TEHSIL,1299,241743,118330,123393,20,95.9,9.14,147865,2.62,51086,25627,25458,1,100.66,9.31,27893,3.23
KPK,KOHAT DIVISION,KARAK DISTRICT,TAKHT-E-NASRATI TEHSIL,607,257051,129108,127932,11,100.92,9.87,156412,2.64,0,0,0,0,0,0,0,0
KPK,MARDAN DIVISION,MARDAN DISTRICT,KATLANG TEHSIL,422,343225,171021,172202,2,99.31,8.14,221546,2.33,0,0,0,0,0,0,0,0
KPK,MARDAN DIVISION,MARDAN DISTRICT,MARDAN TEHSIL,857,1043978,525399,518577,2,101.32,7.82,618091,2.79,359024,184208,174762,54,105.41,7.83,245926,2.01
KPK,MARDAN DIVISION,MARDAN DISTRICT,TAKHT BHAI TEHSIL,353,545974,278978,266992,4,104.49,7,325335,2.76,81198,41516,39682,0,104.62,5.85,49202,2.67
KPK,MARDAN DIVISION,SWABI DISTRICT,LAHOR TEHSIL,318,264463,134329,130119,15,103.24,7.73,159697,2.69,41319,20274,21043,2,96.35,7.59,27861,2.09
KPK,MARDAN DIVISION,SWABI DISTRICT,RAZAR TEHSIL,418,558662,277621,281022,19,98.79,7.67,358024,2.37,26214,13125,13089,0,100.28,7.19,18082,1.97
KPK,MARDAN DIVISION,SWABI DISTRICT,SWABI TEHSIL,389,250916,123384,127520,12,96.76,7.75,155193,2.56,155405,76293,79092,20,96.46,7.49,102813,2.19
KPK,MARDAN DIVISION,SWABI DISTRICT,TOPI TEHSIL,418,275472,143808,131636,28,109.25,7.15,174676,2.42,53026,26994,26029,3,103.71,7.28,30458,2.96
KPK,PESHAWAR DIVISION,CHARSADDA DISTRICT,CHARSADDA TEHSIL,445,659042,336077,322964,1,104.06,7.37,415086,2.46,145801,74897,70901,3,105.64,7.01,112066,1.39
KPK,PESHAWAR DIVISION,CHARSADDA DISTRICT,SHABQADAR TEHSIL,204,288462,144441,144021,0,100.29,7.54,185312,2.35,91490,47300,44189,1,107.04,7.55,55439,2.67
KPK,PESHAWAR DIVISION,CHARSADDA DISTRICT,TANGI TEHSIL,347,393252,198195,195051,6,101.61,7.13,229115,2.88,32913,16741,16172,0,103.52,6.78,25346,1.38
KPK,PESHAWAR DIVISION,NOWSHERA DISTRICT,JEHANGIRA TEHSIL,718,267642,134577,133036,29,101.16,7.84,158059,2.81,86122,44685,41428,9,107.86,7.44,50645,2.83
KPK,PESHAWAR DIVISION,NOWSHERA DISTRICT,PABBI TEHSIL,351,383046,192673,190357,16,101.22,7.6,214967,3.08,55370,28035,27335,0,102.56,7.27,31153,3.07
KPK,PESHAWAR DIVISION,PESHAWAR DISTRICT,PESHAWAR TEHSIL,1257,2297375,1172995,1124167,213,104.34,8.74,1044035,4.23,1969823,1025010,944401,412,108.54,7.97,982816,3.72
KPK,MALAKAND DIVISION,BUNER DISTRICT,DAGGAR TEHSIL,762,354809,176595,178195,19,99.1,10.12,197120,3.14,0,0,0,0,0,0,0,0
KPK,MALAKAND DIVISION,BUNER DISTRICT,GAGRA TEHSIL,435,269971,134468,135495,8,99.24,9.59,151877,3.07,0,0,0,0,0,0,0,0
KPK,MALAKAND DIVISION,BUNER DISTRICT,KHADO KHEL TEHSIL,343,118072,58013,60056,3,96.6,8.16,69812,2.8,0,0,0,0,0,0,0,0
KPK,MALAKAND DIVISION,BUNER DISTRICT,MANDANR TEHSIL,325,152608,76796,75809,3,101.3,8.52,87239,2.98,0,0,0,0,0,0,0,0
KPK,MALAKAND DIVISION,CHITRAL DISTRICT,CHITRAL TEHSIL,6458,228548,117356,111181,11,105.55,7.13,154252,2.09,49780,26320,23456,4,112.21,6.95,30622,2.59
KPK,MALAKAND DIVISION,CHITRAL DISTRICT,MASTUJ TEHSIL,8392,169297,81993,87297,7,93.92,7.45,133815,1.24,0,0,0,0,0,0,0,0
KPK,MALAKAND DIVISION,SHANGLA DISTRICT,ALPURI TEHSIL,1105,508361,257321,251029,11,102.51,8.22,297718,2.85,0,0,0,0,0,0,0,0
KPK,MALAKAND DIVISION,SHANGLA DISTRICT,BISHAM TEHSIL,184,105950,54440,51505,5,105.7,8.41,57739,3.24,0,0,0,0,0,0,0,0
KPK,MALAKAND DIVISION,SHANGLA DISTRICT,PURAN TEHSIL,297,145298,74321,70974,3,104.72,9.38,79106,3.25,0,0,0,0,0,0,0,0
KPK,MALAKAND DIVISION,SWAT DISTRICT,BABUZAI TEHSIL,297,267947,138202,129734,11,106.53,8.17,148127,3.16,331377,171504,159823,50,107.31,8.01,173868,3.45
KPK,MALAKAND DIVISION,SWAT DISTRICT,BARIKOT TEHSIL,419,89758,45747,44009,2,103.95,8.26,99975,0.56,94019,47326,46688,5,101.37,7.86,0,0
KPK,MALAKAND DIVISION,SWAT DISTRICT,BEHRAIN TEHSIL,2899,186533,96057,90460,16,106.19,8.39,125247,2.11,61889,31825,30060,4,105.87,7.91,0,0
KPK,MALAKAND DIVISION,SWAT DISTRICT,CHARBAGH TEHSIL,161,126001,64909,61086,6,106.26,8.18,73682,2.86,0,0,0,0,0,0,0,0
KPK,MALAKAND DIVISION,SWAT DISTRICT,KABAL TEHSIL,485,302028,148325,153695,8,96.51,8.84,244142,1.12,117973,60656,57312,5,105.83,8.4,0,0
KPK,MALAKAND DIVISION,SWAT DISTRICT,KHAWAZAKHELA TEHSIL,392,217484,110752,106728,4,103.77,8.18,141193,2.3,48016,25294,22722,0,111.32,8.7,0,0
KPK,MALAKAND DIVISION,SWAT DISTRICT,MATTA TEHSIL,684,423052,209762,213272,18,98.35,8.85,251368,2.77,42547,21588,20955,4,103.02,8.38,0,0
KPK,MALAKAND DIVISION,LOWER DIR DISTRICT,ADENZAI TEHSIL,372,317526,160421,157093,12,102.12,8.51,168830,3.37,0,0,0,0,0,0,0,0
KPK,MALAKAND DIVISION,LOWER DIR DISTRICT,LAL QILA TEHSIL,216,219567,102554,117009,4,87.65,8.79,129305,2.82,0,0,0,0,0,0,0,0
KPK,MALAKAND DIVISION,LOWER DIR DISTRICT,SAMARBAGH TEHSIL,419,378004,190905,187088,11,102.04,10.17,190072,3.68,0,0,0,0,0,0,0,0
KPK,MALAKAND DIVISION,LOWER DIR DISTRICT,TEMERGARA TEHSIL,576,480671,235098,245555,18,95.74,9.18,246514,3.57,40314,20851,19458,5,107.16,8.53,44335,0.5
KPK,MALAKAND DIVISION,UPPER DIR DISTRICT,DIR TEHSIL,2051,395425,195425,199986,14,97.72,8.01,212423,3.32,44100,22661,21437,2,105.71,7.23,22901,3.5
KPK,MALAKAND DIVISION,UPPER DIR DISTRICT,SHARINGAL TEHSIL,1140,185121,91723,93392,6,98.21,7.47,104058,3.07,0,0,0,0,0,0,0,0
KPK,MALAKAND DIVISION,UPPER DIR DISTRICT,WARI TEHSIL,508,322755,156785,165951,19,94.48,8.01,175069,3.27,0,0,0,0,0,0,0,0
KPK,MALAKAND DIVISION,UPPER DIR DISTRICT,MALAKAND PROTECTED AREA,952,650120,325555,324534,31,100.31,7.84,409112,2.46,67686,34885,32799,2,106.36,7.93,43179,2.39
KPK,MALAKAND DIVISION,UPPER DIR DISTRICT,SAM RANI ZAI TEHSIL,280,303644,152141,151491,12,100.43,7.88,191996,2.44,0,0,0,0,0,0,0,0
KPK,MALAKAND DIVISION,UPPER DIR DISTRICT,SWAT RANI ZAI TEHSIL,672,346476,173414,173043,19,100.21,7.81,217116,2.49,67686,34885,32799,2,106.36,7.93,43179,2.39
KPK/FATA,MALAKAND DIVISION,BAJAUR DISTRICT,BAR CHAMER KAND TEHSIL,13,2868,1447,1420,1,101.9,8.43,3247,0.65,0,0,0,0,0,0,0,0
KPK/FATA,MALAKAND DIVISION,BAJAUR DISTRICT,BARANG TEHSIL,159,76493,38312,38179,2,100.35,7.2,50139,2.24,0,0,0,0,0,0,0,0
KPK/FATA,MALAKAND DIVISION,BAJAUR DISTRICT,KHAR BAJAUR TEHSIL,238,246875,126965,119894,16,105.9,8.85,116196,4.04,0,0,0,0,0,0,0,0
KPK/FATA,MALAKAND DIVISION,BAJAUR DISTRICT,MAMUND TEHSIL,250,311373,159978,151380,15,105.68,8.66,168283,3.29,0,0,0,0,0,0,0,0
KPK/FATA,MALAKAND DIVISION,BAJAUR DISTRICT,NAWAGAI TEHSIL,216,78494,40578,37910,6,107.04,10.03,57264,1.67,0,0,0,0,0,0,0,0
KPK/FATA,MALAKAND DIVISION,BAJAUR DISTRICT,SALARZAI TEHSIL,220,267636,134539,133083,14,101.09,9.12,141750,3.4,0,0,0,0,0,0,0,0
KPK/FATA,MALAKAND DIVISION,BAJAUR DISTRICT,UTMAN KHEL TEHSIL,194,107248,54217,53029,2,102.24,9.71,58348,3.25,0,0,0,0,0,0,0,0
KPK/FATA,BANNU DIVISION,FR BANNU DISTRICT,FR BANNU,745,43112,22286,20826,0,107.01,9.74,19593,4.23,0,0,0,0,0,0,0,0
KPK/FATA,DERA ISMAIL KHAN DIVISION,FR D.I.KHAN DISTRICT,FR D.I.KHAN,2008,68506,35356,33146,4,106.67,9.56,38990,3.01,0,0,0,0,0,0,0,0
KPK/FATA,KOHAT DIVISION,FR KOHAT DISTRICT,FR KOHAT,446,118839,59983,58851,5,101.92,8.09,88456,1.56,0,0,0,0,0,0,0,0
KPK/FATA,BANNU DIVISION,FR LAKKI MARWAT DISTRICT,FR LAKKI MARWAT,132,26394,13685,12709,0,107.68,7.84,6987,7.23,0,0,0,0,0,0,0,0
KPK/FATA,PESHAWAR DIVISION,FR PESHAWAR DISTRICT,FR PESHAWAR,261,64761,31676,33081,4,95.75,8.98,53841,0.97,0,0,0,0,0,0,0,0
KPK/FATA,PESHAWAR DIVISION,KHYBER DISTRICT,BARA TEHSIL,1430,443449,224995,218433,21,103,8.28,286184,2.33,0,0,0,0,0,0,0,0
KPK/FATA,PESHAWAR DIVISION,KHYBER DISTRICT,JAMRUD TEHSIL,311,163829,83502,80312,15,103.97,8.41,64149,5.05,63728,33133,30582,13,108.34,8.05,32039,3.68
KPK/FATA,PESHAWAR DIVISION,KHYBER DISTRICT,LANDI KOTAL TEHSIL,679,239323,124173,115127,23,107.86,9.08,122390,3.59,33729,17766,15961,2,111.31,7.86,22324,2.19
KPK/FATA,PESHAWAR DIVISION,KHYBER DISTRICT,MULLA GORI TEHSIL,156,40188,20933,19254,1,108.72,9.41,19644,3.83,0,0,0,0,0,0,0,0
KPK/FATA,KOHAT DIVISION,KURRAM DISTRICT,LOWER KURRAM TEHSIL,940,101386,50128,51248,10,97.81,9.09,64220,2.43,32543,16563,15973,7,103.69,9.36,17103,3.44
KPK/FATA,KOHAT DIVISION,KURRAM DISTRICT,UPPER KURRAM TEHSIL,970,246934,122200,124721,13,97.98,9.38,177529,1.75,5502,2709,2793,0,96.99,7.38,8042,1.97
KPK/FATA,PESHAWAR DIVISION,MOHMAND DISTRICT,AMBAR UTMAN KHEL TEHSIL,273,61951,31413,30538,0,102.87,8.96,30728,3.75,0,0,0,0,0,0,0,0
KPK/FATA,PESHAWAR DIVISION,MOHMAND DISTRICT,HALIM ZAI TEHSIL,211,78705,40530,38163,12,106.2,8.81,48418,2.59,0,0,0,0,0,0,0,0
KPK/FATA,PESHAWAR DIVISION,MOHMAND DISTRICT,PINDIALI TEHSIL,454,89711,45952,43752,7,105.03,9.69,51276,2.98,0,0,0,0,0,0,0,0
KPK/FATA,PESHAWAR DIVISION,MOHMAND DISTRICT,PRANG GHAR TEHSIL,257,36569,18288,18281,0,100.04,8.21,18620,3.61,0,0,0,0,0,0,0,0
KPK/FATA,PESHAWAR DIVISION,MOHMAND DISTRICT,SAFI TEHSIL,322,98501,50353,48142,6,104.59,11.04,71503,1.7,0,0,0,0,0,0,0,0
KPK/FATA,PESHAWAR DIVISION,MOHMAND DISTRICT,UPPER MOHMAND TEHSIL,513,51154,25723,25424,7,101.18,8.87,80177,2.33,0,0,0,0,0,0,0,0
KPK/FATA,PESHAWAR DIVISION,MOHMAND DISTRICT,YAKE GHUND TEHSIL,266,57754,29290,28455,9,102.93,9.1,33731,2.87,0,0,0,0,0,0,0,0
KPK/FATA,BANNU DIVISION,NORTH WAZIRISTAN DISTRICT,DATTA KHEL TEHSIL,1807,75003,37377,37619,7,99.36,8.47,110006,1.99,0,0,0,0,0,0,0,0
KPK/FATA,BANNU DIVISION,NORTH WAZIRISTAN DISTRICT,DOSSALI TEHSIL,250,39945,20770,19173,2,108.33,9.33,20482,3.57,0,0,0,0,0,0,0,0
KPK/FATA,BANNU DIVISION,NORTH WAZIRISTAN DISTRICT,GHARYUM TEHSIL,320,11811,6339,5467,5,115.95,6.85,3917,5.97,0,0,0,0,0,0,0,0
KPK/FATA,BANNU DIVISION,NORTH WAZIRISTAN DISTRICT,GHULAM KHAN TEHSIL,191,27015,14228,12786,1,111.28,7.56,13251,3.81,0,0,0,0,0,0,0,0
KPK/FATA,BANNU DIVISION,NORTH WAZIRISTAN DISTRICT,MIR ALI TEHSIL,605,184986,94496,90481,9,104.44,7.7,93855,3.63,0,0,0,0,0,0,0,0
KPK/FATA,BANNU DIVISION,NORTH WAZIRISTAN DISTRICT,MIRAN SHAH TEHSIL,402,96280,48603,47675,2,101.95,9.23,61565,2.38,4364,3267,1097,0,297.81,6.99,5965,1.63
KPK/FATA,BANNU DIVISION,NORTH WAZIRISTAN DISTRICT,RAZMAK TEHSIL,191,15681,8229,7451,1,110.44,6.91,5729,5.43,0,0,0,0,0,0,0,0
KPK/FATA,BANNU DIVISION,NORTH WAZIRISTAN DISTRICT,SHEWA TEHSIL,393,39290,19997,19290,3,103.67,9.59,22956,2.86,0,0,0,0,0,0,0,0
KPK/FATA,BANNU DIVISION,NORTH WAZIRISTAN DISTRICT,SPINWAM TEHSIL,548,46171,24443,21725,3,112.51,12.43,23520,3.61,0,0,0,0,0,0,0,0
KPK/FATA,KOHAT DIVISION,ORAKZAI DISTRICT,CENTRAL TEHSIL,399,59132,29440,29691,1,99.15,8.91,47122,1.2,0,0,0,0,0,0,0,0
KPK/FATA,KOHAT DIVISION,ORAKZAI DISTRICT,ISMAIL ZAI TEHSIL,275,23963,12058,11905,0,101.29,8.28,28843,0.97,0,0,0,0,0,0,0,0
KPK/FATA,KOHAT DIVISION,ORAKZAI DISTRICT,LOWER TEHSIL,565,107323,53767,53550,6,100.41,8.16,65416,2.63,0,0,0,0,0,0,0,0
KPK/FATA,KOHAT DIVISION,ORAKZAI DISTRICT,UPPER TEHSIL,299,63885,32299,31582,4,102.27,7.04,84060,1.43,0,0,0,0,0,0,0,0
KPK/FATA,DERA ISMAIL KHAN DIVISION,SOUTH WAZIRISTAN DISTRICT,BIRMIL TEHSIL,923,104282,54323,49948,11,108.76,9.44,58512,3.08,0,0,0,0,0,0,0,0
KPK/FATA,DERA ISMAIL KHAN DIVISION,SOUTH WAZIRISTAN DISTRICT,LADHA TEHSIL,466,110842,57755,53080,7,108.81,6.36,72278,2.27,0,0,0,0,0,0,0,0
KPK/FATA,DERA ISMAIL KHAN DIVISION,SOUTH WAZIRISTAN DISTRICT,MAKIN TEHSIL,404,58646,30906,27738,2,111.42,6.35,30528,3.49,0,0,0,0,0,0,0,0
KPK/FATA,DERA ISMAIL KHAN DIVISION,SOUTH WAZIRISTAN DISTRICT,SARAROGHA TEHSIL,813,98180,51479,46694,7,110.25,7.57,72063,1.64,0,0,0,0,0,0,0,0
KPK/FATA,DERA ISMAIL KHAN DIVISION,SOUTH WAZIRISTAN DISTRICT,SERWEKAI TEHSIL,398,54540,28695,25844,1,111.03,7.2,31472,2.93,0,0,0,0,0,0,0,0
KPK/FATA,DERA ISMAIL KHAN DIVISION,SOUTH WAZIRISTAN DISTRICT,TIARZA TEHSIL,734,45156,23649,21507,0,109.96,7.99,37708,0.95,0,0,0,0,0,0,0,0
KPK/FATA,DERA ISMAIL KHAN DIVISION,SOUTH WAZIRISTAN DISTRICT,TOI KHULLA TEHSIL,567,50413,27462,22947,4,119.68,9.34,36508,1.71,0,0,0,0,0,0,0,0
KPK/FATA,DERA ISMAIL KHAN DIVISION,SOUTH WAZIRISTAN DISTRICT,WANA TEHSIL,2315,153156,81342,71796,18,113.3,10.19,90772,2.79,0,0,0,0,0,0,0,0
